Workbook

Sheet Sniper Rifles
B2: Sniper Rifle | D2: Shots To Kill Target | L2: Rate of Fire | O2: TTK | Q2: T1 Damage | S2: Magazine | Y2: Reload | Z2: Aim Delay | AA2: Aim Sens.
D3: Unidad Heavy Tier 1 | H3: Unidad Heavy Non-Tier
D4: Semi-Auto | F4: Full-Auto | H4: Semi-Auto | J4: Full-Auto | L4: RPM | M4: RPS | N4: Inter. | O4: T1 | P4: No Tier | Q4: Semi | R4: Full | S4: St. | U4: Ex. | W4: La. | Y4: Base | Z4: Base | AA4: Base
D5: Head | E5: Body | F5: Head | G5: Body | H5: Head | I5: Body | J5: Head | K5: Body | Y5: 1 | Z5: 1 | AA5: 1
B6: Customizable Sniper Rifles
B7: M40A5 | C7: Short Barrel | D7: 1 | E7: 2 | F7: N/A | H7: 1 | I7: 2 | J7: N/A | L7: 29.3 (2.05s) | M7: =1/2.05 -> 0.48780488 | N7: 2.05 | O7: 2.05 | P7: 2.05 | Q7: - | R7: N/A | S7: 10 | V7: 20 | Y7: - | Z7: - | AA7: -
C8: Standard Barrel | D8: 1 | E8: 2 | H8: 1 | I8: 2 | O8: 2.05 | P8: 2.05 | Q8: - | Y8: 4.35 | Z8: - | AA8: -
C9: Long Barrel | D9: 1 | E9: 2 | H9: 1 | I9: 1 | O9: 2.05 | P9: one-hit | Q9: - | Z9: - | AA9: -
B10: M1891 | C10: Standard Barrel | D10: 1 | E10: 2 | F10: N/A | H10: 1 | I10: 1 | J10: N/A | L10: 28.8 (2.08s) | M10: =28.8/60 -> 0.48 | N10: 2.08 | O10: 2.08 | P10: one-hit | Q10: - | R10: N/A | S10: 10 | V10: 20 | Y10: 4 | Z10: - | AA10: -
C11: Long Barrel | D11: 1 | E11: 2 | H11: 1 | I11: 1 | O11: 2.08 | P11: one-hit | Q11: - | Z11: - | AA11: -
B12: SRSA1 | C12: Standard Barrel | D12: 1 | E12: 2 | F12: N/A | H12: 1 | I12: 1 | J12: N/A | L12: 27.9 (2.15s) | M12: =1/2.15 -> 0.46511628 | N12: 2.15 | O12: 2.15 | P12: one-hit | Q12: - | R12: N/A | S12: 5 | V12: 10 | Y12: 4 | Z12: - | AA12: -
C13: Long Barrel | D13: 1 | E13: 2 | H13: 1 | I13: 1 | O13: 2.15 | P13: one-hit | Q13: - | Z13: - | AA13: -
B14: SR1 | C14: Standard Barrel | D14: 1 | E14: 2 | F14: N/A | H14: 1 | I14: 1 | J14: N/A | L14: 27.1 (2.22s) | M14: =1/2.22 -> 0.45045045 | N14: 2.22 | O14: 2.22 | P14: one-hit | Q14: - | R14: N/A | S14: 5 | V14: 10 | Y14: 3.95 | Z14: - | AA14: -
C15: Long Barrel | D15: 1 | E15: 2 | H15: 1 | I15: 1 | O15: 2.22 | P15: one-hit | Q15: - | Z15: - | AA15: -
B16: L115A3 | C16: Standard Barrel | D16: 1 | E16: 2 | F16: N/A | H16: 1 | I16: 1 | J16: N/A | L16: 27.9 (2.15s) | M16: =1/2.15 -> 0.46511628 | N16: 2.15 | O16: 2.15 | P16: one-hit | Q16: - | R16: N/A | S16: 5 | V16: 10 | Y16: 4.35 | Z16: - | AA16: -
C17: Long Barrel | D17: 1 | E17: 2 | H17: 1 | I17: 1 | O17: 2.15 | P17: one-hit | Q17: - | Z17: - | AA17: -
B18: MSR | C18: Short Barrel | D18: 1 | E18: 2 | F18: N/A | H18: 1 | I18: 1 | J18: N/A | L18: 26.1 (2.3s) | M18: =1/2.3 -> 0.43478261 | N18: 2.3 | O18: 2.3 | P18: one-hit | Q18: - | R18: N/A | S18: 5 | V18: 10 | Y18: - | Z18: - | AA18: -
C19: Standard Barrel | D19: 1 | E19: 2 | H19: 1 | I19: 1 | O19: 2.3 | P19: one-hit | Q19: - | Y19: 4.35 | Z19: - | AA19: -
C20: Long Barrel | D20: 1 | E20: 1 | H20: 1 | I20: 1 | O20: one-hit | P20: one-hit | Q20: - | Z20: - | AA20: -
B21: HTI | C21: Standard Barrel | D21: 1 | E21: 1 | F21: N/A | H21: 1 | I21: 1 | J21: N/A | L21: 25.5 (2.35s) | M21: =1/2.35 -> 0.42553191 | N21: 2.35 | O21: one-hit | P21: one-hit | Q21: - | R21: N/A | S21: 5 | Y21: 3.95 | Z21: - | AA21: -
C22: Long Barrel | D22: 1 | E22: 1 | H22: 1 | I22: 1 | O22: one-hit | P22: one-hit | Q22: - | Z22: - | AA22: -
B23: SR25 | C23: Short Barrel | D23: 2 | E23: 4 | F23: N/A | H23: 1 | I23: 3 | J23: N/A | L23: - | M23: - | N23: - | O23: - | P23: - | Q23: - | R23: N/A | S23: 10 | V23: 20 | Y23: - | Z23: - | AA23: -
C24: Standard Barrel | D24: 2 | E24: 4 | H24: 1 | I24: 2 | O24: - | P24: - | Q24: - | Y24: 1.97 | Z24: - | AA24: -
B25: Dragunov | C25: Short Barrel | D25: 2 | E25: 5 | F25: N/A | H25: 2 | I25: 3 | J25: N/A | L25: - | M25: - | N25: - | O25: - | P25: - | Q25: - | R25: N/A | S25: 10 | V25: 20 | Y25: - | Z25: - | AA25: -
C26: Standard Barrel | D26: 2 | E26: 4 | H26: 1 | I26: 3 | O26: - | P26: - | Q26: - | Y26: 2.55 | Z26: - | AA26: -
B27: Mk14 | C27: Standard Barrel | D27: 3 | E27: 7 | F27: 4 | G27: 9 | H27: 2 | I27: 5 | J27: 3 | K27: 6 | L27: 705 | M27: =L27/60 -> 11.75 | N27: =60/L27 -> 0.085106383 | O27: =4*60/L27 -> 0.34042553 | P27: =2*60/L27 -> 0.17021277 | Q27: - | R27: - | S27: 10 | V27: 20 | Y27: 2.45 | Z27: - | AA27: -
C28: Long Barrel | D28: 3 | E28: 7 | F28: 4 | G28: 9 | H28: 2 | I28: 4 | J28: 3 | K28: 5 | O28: =3*60/L27 -> 0.25531915 | P28: =2*60/L27 -> 0.17021277 | Q28: - | R28: - | Z28: - | AA28: -
B29: G28 | C29: Standard Barrel | D29: 4 | E29: 10 | F29: N/A | H29: 3 | I29: 6 | J29: N/A | L29: - | M29: - | N29: - | O29: - | P29: - | Q29: - | R29: N/A | S29: 10 | V29: 20 | Y29: 1.97 | Z29: - | AA29: -
C30: Long Barrel | D30: 4 | E30: 9 | H30: 3 | I30: 5 | O30: - | P30: - | Q30: - | Z30: - | AA30: -
B31: Fallen Ghosts
B32: PSG-1 | C32: Standard Barrel | D32: 4 | E32: 10 | F32: N/A | H32: 3 | I32: 6 | J32: N/A | L32: - | M32: - | N32: - | O32: - | P32: - | Q32: - | R32: N/A | S32: 10 | V32: 20 | Y32: 1.97 | Z32: - | AA32: -
C33: Long Barrel | D33: 4 | E33: 9 | H33: 3 | I33: 5 | O33: - | P33: - | Q33: - | Z33: - | AA33: -
B34: BFG-50A | C34: Standard Barrel | D34: 1 | E34: 1 | F34: N/A | H34: 1 | I34: 1 | J34: N/A | L34: - | M34: - | N34: - | O34: one-hit | P34: one-hit | Q34: - | R34: N/A | S34: 5 | Y34: 3.95 | Z34: - | AA34: -
C35: Long Barrel | D35: 1 | E35: 1 | H35: 1 | I35: 1 | O35: one-hit | P35: one-hit | Q35: - | Z35: - | AA35: -
B36: Other
B37: TAC-50 | C37: Standard Barrel | D37: 1 | E37: 1 | F37: N/A | H37: 1 | I37: 1 | J37: N/A | L37: 25.5 | M37: =1/2.35 -> 0.42553191 | N37: 2.35 | O37: one-hit | P37: one-hit | Q37: - | R37: N/A | S37: 5 | Y37: 3.95 | Z37: - | AA37: -
B38: R93 LRS2 | C38: Short Barrel | D38: 1 | E38: 2 | F38: N/A | H38: 1 | I38: 1 | J38: N/A | L38: 26.1 | M38: =1/2.3 -> 0.43478261 | N38: 2.3 | O38: 2.3 | P38: one-hit | Q38: - | R38: N/A | S38: 5 | V38: 10 | Y38: - | Z38: - | AA38: -
C39: Standard Barrel | D39: 1 | E39: 2 | H39: 1 | I39: 1 | O39: 2.3 | P39: one-hit | Q39: - | Y39: 4.35 | Z39: - | AA39: -
C40: Long Barrel | D40: 1 | E40: 1 | H40: 1 | I40: 1 | O40: one-hit | P40: one-hit | Q40: - | Z40: - | AA40: -
B41: FRF-2 | C41: Standard Barrel | D41: - | E41: - | F41: N/A | H41: - | I41: - | J41: N/A | L41: - | M41: - | N41: - | O41: - | P41: - | Q41: - | R41: N/A | S41: - | V41: 10 | Y41: - | Z41: - | AA41: -
C42: Long Barrel | D42: - | E42: - | H42: - | I42: - | O42: - | P42: - | Q42: - | Z42: - | AA42: -
B43: Z93 AMR | C43: Standard Barrel | D43: 1 | E43: 1? | F43: N/A | H43: 1 | I43: 1 | J43: N/A | L43: 25.5? | M43: 0.426? | N43: 2.35? | O43: one-hit | P43: one-hit | Q43: - | R43: N/A | S43: 5? | Y43: 3.95? | Z43: - | AA43: -
C44: Long Barrel | D44: 1 | E44: 1? | H44: 1 | I44: 1 | O44: one-hit | P44: one-hit | Q44: - | Z44: - | AA44: -
B45: Unique Sniper Rifles
B46: Buchon Rewards
B47: Chica Mala | F47: N/A | H47: 1 | I47: 1 | J47: N/A | S47: 10
B48: Lanza Sagrada | D48: 2? | E48: 4? | F48: N/A | H48: 1 | I48: 2 | J48: N/A | L48: - | M48: - | N48: - | O48: - | P48: - | Q48: - | R48: N/A | S48: 10 | Y48: 2.55 | Z48: - | AA48: -
B49: The Warhawk | D49: 1 | E49: 2? | F49: N/A | H49: 1 | I49: 1 | J49: N/A | L49: 27.9 | M49: =1/2.15 -> 0.46511628 | N49: 2.15 | O49: 2.15 | P49: one-hit | Q49: - | R49: N/A | S49: 5 | Y49: 4.35 | Z49: - | AA49: -
B50: Fallen Ghosts
B51: Extranjeros BFG | F51: N/A | H51: 1 | I51: 1 | J51: N/A | S51: 5
B52: HTI Muddy Bones | F52: N/A | H52: 1 | I52: 1 | J52: N/A | S52: 5
B53: MK14 Occult | F53: N/A | H53: 3 | I53: 5 | J53: N/A | S53: 20
B54: PSG-1 Mercenary | F54: N/A | H54: 3 | I54: 5 | J54: N/A | S54: 20
B55: SR-25 Jungle | F55: N/A | H55: 1 | I55: 1 | J55: N/A | S55: 20
B56: Tier 1 Reward
B57: Desert Tech HTI BDC | D57: 1 | E57: 1 | F57: N/A | H57: 1 | I57: 1 | J57: N/A | L57: 25.5 | M57: =1/2.35 -> 0.42553191 | N57: 2.35 | O57: one-hit | P57: one-hit | Q57: - | R57: N/A | S57: 5 | Y57: 3.95 | Z57: - | AA57: -
B58: Crossbow
B59: Deimos Crossbow | D59: 1 | E59: 1 | F59: N/A | H59: 1 | I59: 1 | J59: N/A | L59: =60/1.5 -> 40 | M59: =1/1.5 -> 0.66666667 | N59: 1.5 | O59: one-hit | P59: one-hit | Q59: - | R59: N/A | S59: 60 | Y59: N/A | Z59: - | AA59: -
B60: Other
B61: Dragunov SVD Guerrilla | F61: N/A | H61: 1 | I61: 3 | J61: N/A | S61: 10
B62: G28 Rookie | F62: N/A | H62: 3 | I62: 5 | J62: N/A | S62: 20
B63: L115A3 London Call | F63: N/A | H63: 1 | I63: 1 | J63: N/A | S63: 5
B64: M40A5 Golden Sun | F64: N/A | H64: 1 | I64: 1 | J64: N/A | S64: 10
B65: MK14 Captain | D65: N/A | H65: N/A | J65: 3 | K65: 6 | S65: 20
B66: MSR Eagle Shot | F66: N/A | H66: 1 | I66: 1 | J66: N/A | S66: 5
B67: MSR Thermite | F67: N/A | H67: 1 | I67: 1 | J67: N/A | S67: 5
B68: Musket | D68: 1 | E68: 1 | F68: N/A | H68: 1 | I68: 1 | J68: N/A | L68: N/A | O68: one-hit | P68: one-hit | Q68: - | R68: N/A | S68: 1 | Y68: 3.95 | Z68: - | AA68: -
B69: SR-1 Chameleon | F69: N/A | H69: 1 | I69: 1 | J69: N/A | S69: 5
B70: SR-25 Liberator | F70: N/A | H70: 1 | I70: 2 | J70: N/A | S70: 10
B71: SR25 Machinery | F71: N/A | H71: 1 | I71: 1 | J71: N/A | S71: 10
B72: SRSA1 Black Widow | F72: N/A | H72: 1 | I72: 1 | J72: N/A | S72: 5
B73: Stampede | D73: 1 | E73: 2 | F73: N/A | H73: 1 | I73: 1 | J73: N/A | L73: 42.2 | M73: =1/1.42 -> 0.70422535 | N73: 1.42 | O73: 1.42 | P73: one-hit | Q73: - | R73: N/A | S73: 15 | Y73: 15.29 | Z73: - | AA73: -

Sheet Assault Rifles
B2: Assault Rifles | D2: Shots To Kill Target | L2: Rate of Fire | O2: TTK | Q2: T1 Damage | S2: Magazine | Y2: Reload | Z2: Aim Delay | AA2: Aim Sens.
D3: Unidad Heavy Tier 1 | H3: Unidad Heavy Non-Tier
D4: Semi-Auto | F4: Full-Auto | H4: Semi-Auto | J4: Full-Auto | L4: RPM | M4: RPS | N4: Inter. | O4: T1 | P4: No Tier | Q4: Semi | R4: Full | S4: St. | U4: Ex. | W4: La. | Y4: Base | Z4: Base | AA4: Base
D5: Head | E5: Body | F5: Head | G5: Body | H5: Head | I5: Body | J5: Head | K5: Body | Y5: 1 | Z5: 1 | AA5: 1
B6: Customizable Assault Rifles
B7: P416 | C7: Short Barrel | D7: 3 | E7: 7 | F7: 4 | G7: 9 | H7: 3 | I7: 7 | J7: 4 | K7: 10 | L7: 735 | M7: =L7/60 -> 12.25 | N7: =60/L7 -> 0.081632653 | O7: =60*3/L7 -> 0.24489796 | P7: =IFS(OR(K7="-",ISBLANK(K7)),"-",K7<1,"one-hit",K7<=3,60/L7,OR(K7=4,K7=7,K7=9),"manual",K7<7,2*60/L7,K7<9,3*60/L7,K7<=11,4*60/L7,K7>11,"???") -> 0.32653061 | Q7: - | R7: - | S7: 20 | U7: 30 | W7: 50 | Y7: - | Z7: - | AA7: -
C8: Standard Barrel | D8: 3 | E8: 6 | F8: 4 | G8: 8 | H8: 3 | I8: 7 | J8: 4 | K8: 9 | O8: =IFS(OR(G8="-",ISBLANK(G8)),"-",G8<1,"one-hit",G8<=3,60/L7,OR(G8=4,G8=7,G8=9),"manual",G8<7,2*60/L7,G8<9,3*60/L7,G8<=11,4*60/L7,G8>11,"???") -> 0.24489796 | P8: =IFS(OR(K8="-",ISBLANK(K8)),"-",K8<1,"one-hit",K8<=3,60/L7,OR(K8=4,K8=7,K8=9),"manual",K8<7,2*60/L7,K8<9,3*60/L7,K8<=11,4*60/L7,K8>11,"???") -> manual | Q8: - | R8: - | Y8: 1.97 | Z8: - | AA8: -
B9: SR3M | C9: Standard Barrel | D9: 3 | E9: 7 | F9: 3 | G9: 8 | H9: 3 | I9: 7 | J9: 4 | K9: 9 | L9: 877 | M9: =L9/60 -> 14.616667 | N9: =60/L9 -> 0.068415051 | O9: =IFS(OR(G9="-",ISBLANK(G9)),"-",G9<1,"one-hit",G9<=3,60/L9,OR(G9=4,G9=7,G9=9),"manual",G9<7,2*60/L9,G9<9,3*60/L9,G9<=11,4*60/L9,G9>11,"???") -> 0.20524515 | P9: =IFS(OR(K9="-",ISBLANK(K9)),"-",K9<1,"one-hit",K9<=3,60/L9,OR(K9=4,K9=7,K9=9),"manual",K9<7,2*60/L9,K9<9,3*60/L9,K9<=11,4*60/L9,K9>11,"???") -> manual | Q9: - | R9: - | S9: 20 | V9: 30 | Y9: 2.27 | Z9: - | AA9: -
C10: Long Barrel | D10: 3 | E10: 6 | F10: 3 | G10: 7 | H10: 3 | I10: 7 | J10: 4 | K10: 8 | O10: =60*3/L9 -> 0.20524515 | P10: =IFS(OR(K10="-",ISBLANK(K10)),"-",K10<1,"one-hit",K10<=3,60/L9,OR(K10=4,K10=7,K10=9),"manual",K10<7,2*60/L9,K10<9,3*60/L9,K10<=11,4*60/L9,K10>11,"???") -> 0.20524515 | Q10: - | R10: - | Z10: - | AA10: -
B11: AK-12 | C11: Standard Barrel | D11: 3 | E11: 5 | F11: 3 | G11: 7 | H11: 3 | I11: 6 | J11: 3 | K11: 7 | L11: 844 | M11: =L11/60 -> 14.066667 | N11: =60/L11 -> 0.071090047 | O11: =60*3/L11 -> 0.21327014 | P11: =IFS(OR(K11="-",ISBLANK(K11)),"-",K11<1,"one-hit",K11<=3,60/L11,OR(K11=4,K11=7,K11=9),"manual",K11<7,2*60/L11,K11<9,3*60/L11,K11<=11,4*60/L11,K11>11,"???") -> manual | Q11: - | R11: - | S11: 20 | U11: 30 | W11: 50 | Y11: 1.97 | Z11: - | AA11: -
C12: Long Barrel | D12: 2 | E12: 5 | F12: 3 | G12: 6 | H12: 3 | I12: 5 | J12: 3 | K12: 7 | O12: =IFS(OR(G12="-",ISBLANK(G12)),"-",G12<1,"one-hit",G12<=3,60/L11,OR(G12=4,G12=7,G12=9),"manual",G12<7,2*60/L11,G12<9,3*60/L11,G12<=11,4*60/L11,G12>11,"???") -> 0.14218009 | P12: =IFS(OR(K12="-",ISBLANK(K12)),"-",K12<1,"one-hit",K12<=3,60/L11,OR(K12=4,K12=7,K12=9),"manual",K12<7,2*60/L11,K12<9,3*60/L11,K12<=11,4*60/L11,K12>11,"???") -> manual | Q12: - | R12: - | Z12: - | AA12: -
B13: AUG-A3 | C13: Standard Barrel | D13: 3 | E13: 5 | F13: 3 | G13: 6 | H13: 3 | I13: 6 | J13: 3 | K13: 7 | L13: 682 | M13: =L13/60 -> 11.366667 | N13: =60/L13 -> 0.08797654 | O13: =IFS(OR(G13="-",ISBLANK(G13)),"-",G13<1,"one-hit",G13<=3,60/L13,OR(G13=4,G13=7,G13=9),"manual",G13<7,2*60/L13,G13<9,3*60/L13,G13<=11,4*60/L13,G13>11,"???") -> 0.17595308 | P13: =IFS(OR(K13="-",ISBLANK(K13)),"-",K13<1,"one-hit",K13<=3,60/L13,OR(K13=4,K13=7,K13=9),"manual",K13<7,2*60/L13,K13<9,3*60/L13,K13<=11,4*60/L13,K13>11,"???") -> manual | Q13: - | R13: - | S13: 20 | V13: 30 | Y13: 1.97 | Z13: - | AA13: -
C14: Long Barrel | D14: 2 | E14: 5 | F14: 3 | G14: 6 | H14: 3 | I14: 5 | J14: 3 | K14: 7 | O14: =IFS(OR(G14="-",ISBLANK(G14)),"-",G14<1,"one-hit",G14<=3,60/L13,OR(G14=4,G14=7,G14=9),"manual",G14<7,2*60/L13,G14<9,3*60/L13,G14<=11,4*60/L13,G14>11,"???") -> 0.17595308 | P14: =IFS(OR(K14="-",ISBLANK(K14)),"-",K14<1,"one-hit",K14<=3,60/L13,OR(K14=4,K14=7,K14=9),"manual",K14<7,2*60/L13,K14<9,3*60/L13,K14<=11,4*60/L13,K14>11,"???") -> manual | Q14: - | R14: - | Z14: - | AA14: -
B15: 556xi | C15: Short Barrel | D15: 3 | E15: 7 | F15: 4 | G15: 8 | H15: 3 | I15: 7 | J15: 4 | K15: 10 | L15: 732 | M15: =L15/60 -> 12.2 | N15: =60/L15 -> 0.081967213 | O15: =IFS(OR(G15="-",ISBLANK(G15)),"-",G15<1,"one-hit",G15<=3,60/L15,OR(G15=4,G15=7,G15=9),"manual",G15<7,2*60/L15,G15<9,3*60/L15,G15<=11,4*60/L15,G15>11,"???") -> 0.24590164 | P15: =IFS(OR(K15="-",ISBLANK(K15)),"-",K15<1,"one-hit",K15<=3,60/L15,OR(K15=4,K15=7,K15=9),"manual",K15<7,2*60/L15,K15<9,3*60/L15,K15<=11,4*60/L15,K15>11,"???") -> 0.32786885 | Q15: - | R15: - | S15: 20 | U15: 30 | W15: 50 | Y15: - | Z15: - | AA15: -
C16: Standard Barrel | D16: 3 | E16: 6 | F16: 3 | G16: 7 | H16: 3 | I16: 7 | J16: 4 | K16: 8 | O16: =60*3/L15 -> 0.24590164 | P16: =IFS(OR(K16="-",ISBLANK(K16)),"-",K16<1,"one-hit",K16<=3,60/L15,OR(K16=4,K16=7,K16=9),"manual",K16<7,2*60/L15,K16<9,3*60/L15,K16<=11,4*60/L15,K16>11,"???") -> 0.24590164 | Q16: - | R16: - | Y16: 2.27 | Z16: - | AA16: -
C17: Long Barrel | D17: 3 | E17: 6 | F17: 3 | G17: 7 | H17: 3 | I17: 6 | J17: 3 | K17: 7 | O17: =60*3/L15 -> 0.24590164 | P17: =IFS(OR(K17="-",ISBLANK(K17)),"-",K17<1,"one-hit",K17<=3,60/L15,OR(K17=4,K17=7,K17=9),"manual",K17<7,2*60/L15,K17<9,3*60/L15,K17<=11,4*60/L15,K17>11,"???") -> manual | Q17: - | R17: - | Z17: - | AA17: -
B18: 805 Bren A2 | C18: Short Barrel | D18: 3 | E18: 6 | F18: 3 | G18: 7 | H18: 3 | I18: 6 | J18: 4 | K18: 8 | L18: 732 | M18: =L18/60 -> 12.2 | N18: =60/L18 -> 0.081967213 | O18: =60*3/L18 -> 0.24590164 | P18: =IFS(OR(K18="-",ISBLANK(K18)),"-",K18<1,"one-hit",K18<=3,60/L18,OR(K18=4,K18=7,K18=9),"manual",K18<7,2*60/L18,K18<9,3*60/L18,K18<=11,4*60/L18,K18>11,"???") -> 0.24590164 | Q18: - | R18: - | S18: 20 | U18: 30 | W18: 50 | Y18: - | Z18: - | AA18: -
C19: Standard Barrel | D19: 3 | E19: 5 | F19: 3 | G19: 6 | H19: 3 | I19: 6 | J19: 3 | K19: 7 | O19: =IFS(OR(G19="-",ISBLANK(G19)),"-",G19<1,"one-hit",G19<=3,60/L18,OR(G19=4,G19=7,G19=9),"manual",G19<7,2*60/L18,G19<9,3*60/L18,G19<=11,4*60/L18,G19>11,"???") -> 0.16393443 | P19: =IFS(OR(K19="-",ISBLANK(K19)),"-",K19<1,"one-hit",K19<=3,60/L18,OR(K19=4,K19=7,K19=9),"manual",K19<7,2*60/L18,K19<9,3*60/L18,K19<=11,4*60/L18,K19>11,"???") -> manual | Q19: - | R19: - | Y19: 1.97 | Z19: - | AA19: -
C20: Long Barrel | D20: 2 | E20: 5 | F20: 3 | G20: 6 | H20: 3 | I20: 5 | J20: 3 | K20: 7 | O20: =IFS(OR(G20="-",ISBLANK(G20)),"-",G20<1,"one-hit",G20<=3,60/L18,OR(G20=4,G20=7,G20=9),"manual",G20<7,2*60/L18,G20<9,3*60/L18,G20<=11,4*60/L18,G20>11,"???") -> 0.16393443 | P20: =IFS(OR(K20="-",ISBLANK(K20)),"-",K20<1,"one-hit",K20<=3,60/L18,OR(K20=4,K20=7,K20=9),"manual",K20<7,2*60/L18,K20<9,3*60/L18,K20<=11,4*60/L18,K20>11,"???") -> manual | Q20: - | R20: - | Z20: - | AA20: -
B21: G2 | C21: Short Barrel | D21: 3 | E21: 7 | F21: 4 | G21: 9 | H21: 3 | I21: 7 | J21: 4 | K21: 10 | L21: 970 | M21: =L21/60 -> 16.166667 | N21: =60/L21 -> 0.06185567 | O21: =60*3/L21 -> 0.18556701 | P21: =IFS(OR(K21="-",ISBLANK(K21)),"-",K21<1,"one-hit",K21<=3,60/L21,OR(K21=4,K21=7,K21=9),"manual",K21<7,2*60/L21,K21<9,3*60/L21,K21<=11,4*60/L21,K21>11,"???") -> 0.24742268 | Q21: - | R21: - | S21: 20 | U21: 30 | W21: 50 | Y21: - | Z21: - | AA21: -
C22: Standard Barrel | D22: 3 | E22: 6 | F22: 4 | G22: 8 | H22: 3 | I22: 7 | J22: 4 | K22: 9 | O22: =IFS(OR(G22="-",ISBLANK(G22)),"-",G22<1,"one-hit",G22<=3,60/L21,OR(G22=4,G22=7,G22=9),"manual",G22<7,2*60/L21,G22<9,3*60/L21,G22<=11,4*60/L21,G22>11,"???") -> 0.18556701 | P22: =IFS(OR(K22="-",ISBLANK(K22)),"-",K22<1,"one-hit",K22<=3,60/L21,OR(K22=4,K22=7,K22=9),"manual",K22<7,2*60/L21,K22<9,3*60/L21,K22<=11,4*60/L21,K22>11,"???") -> manual | Q22: - | R22: - | Y22: 1.97 | Z22: - | AA22: -
B23: L85A2 | C23: Short Barrel | D23: 3 | E23: 6 | F23: 3 | G23: 7 | H23: 3 | I23: 6 | J23: 3 | K23: 7 | L23: 695 | M23: =L23/60 -> 11.583333 | N23: =60/L23 -> 0.086330935 | O23: =60*3/L23 -> 0.25899281 | P23: =IFS(OR(K23="-",ISBLANK(K23)),"-",K23<1,"one-hit",K23<=3,60/L23,OR(K23=4,K23=7,K23=9),"manual",K23<7,2*60/L23,K23<9,3*60/L23,K23<=11,4*60/L23,K23>11,"???") -> manual | Q23: - | R23: - | S23: 20 | U23: 30 | W23: 50 | Y23: - | Z23: - | AA23: -
C24: Standard Barrel | D24: 2 | E24: 5 | F24: 3 | G24: 6 | H24: 3 | I24: 6 | J24: 3 | K24: 7 | O24: =IFS(OR(G24="-",ISBLANK(G24)),"-",G24<1,"one-hit",G24<=3,60/L23,OR(G24=4,G24=7,G24=9),"manual",G24<7,2*60/L23,G24<9,3*60/L23,G24<=11,4*60/L23,G24>11,"???") -> 0.17266187 | P24: =IFS(OR(K24="-",ISBLANK(K24)),"-",K24<1,"one-hit",K24<=3,60/L23,OR(K24=4,K24=7,K24=9),"manual",K24<7,2*60/L23,K24<9,3*60/L23,K24<=11,4*60/L23,K24>11,"???") -> manual | Q24: - | R24: - | Y24: 2.27 | Z24: - | AA24: -
B25: R5 | C25: Standard Barrel | D25: N/A | F25: 3 | G25: 6 | H25: N/A | J25: 3 | K25: 7 | L25: 620 | M25: =L25/60 -> 10.333333 | N25: =60/L25 -> 0.096774194 | O25: =IFS(OR(G25="-",ISBLANK(G25)),"-",G25<1,"one-hit",G25<=3,60/L25,OR(G25=4,G25=7,G25=9),"manual",G25<7,2*60/L25,G25<9,3*60/L25,G25<=11,4*60/L25,G25>11,"???") -> 0.19354839 | P25: =IFS(OR(K25="-",ISBLANK(K25)),"-",K25<1,"one-hit",K25<=3,60/L25,OR(K25=4,K25=7,K25=9),"manual",K25<7,2*60/L25,K25<9,3*60/L25,K25<=11,4*60/L25,K25>11,"???") -> manual | Q25: - | R25: - | S25: 20 | U25: 30 | W25: 50 | Y25: 2.18 | Z25: - | AA25: -
C26: Long Barrel | F26: 3 | G26: 5 | J26: 3 | K26: 6 | O26: =IFS(OR(G26="-",ISBLANK(G26)),"-",G26<1,"one-hit",G26<=3,60/L25,OR(G26=4,G26=7,G26=9),"manual",G26<7,2*60/L25,G26<9,3*60/L25,G26<=11,4*60/L25,G26>11,"???") -> 0.19354839 | P26: =IFS(OR(K26="-",ISBLANK(K26)),"-",K26<1,"one-hit",K26<=3,60/L25,OR(K26=4,K26=7,K26=9),"manual",K26<7,2*60/L25,K26<9,3*60/L25,K26<=11,4*60/L25,K26>11,"???") -> 0.19354839 | Q26: - | R26: - | Z26: - | AA26: -
B27: AK-47 | C27: Short Barrel | D27: 3 | E27: 5 | F27: 3 | G27: 7 | H27: 3 | I27: 6 | J27: 3 | K27: 7 | L27: 588 | M27: =L27/60 -> 9.8 | N27: =60/L27 -> 0.10204082 | O27: =60*3/L27 -> 0.30612245 | P27: =IFS(OR(K27="-",ISBLANK(K27)),"-",K27<1,"one-hit",K27<=3,60/L27,OR(K27=4,K27=7,K27=9),"manual",K27<7,2*60/L27,K27<9,3*60/L27,K27<=11,4*60/L27,K27>11,"???") -> manual | Q27: - | R27: - | S27: 20 | U27: 30 | W27: 50 | Y27: - | Z27: - | AA27: -
C28: Standard Barrel | D28: 2 | E28: 5 | F28: 3 | G28: 6 | H28: 3 | I28: 5 | J28: 3 | K28: 7 | O28: =IFS(OR(G28="-",ISBLANK(G28)),"-",G28<1,"one-hit",G28<=3,60/L27,OR(G28=4,G28=7,G28=9),"manual",G28<7,2*60/L27,G28<9,3*60/L27,G28<=11,4*60/L27,G28>11,"???") -> 0.20408163 | P28: =IFS(OR(K28="-",ISBLANK(K28)),"-",K28<1,"one-hit",K28<=3,60/L27,OR(K28=4,K28=7,K28=9),"manual",K28<7,2*60/L27,K28<9,3*60/L27,K28<=11,4*60/L27,K28>11,"???") -> manual | Q28: - | R28: - | Y28: 2.27 | Z28: - | AA28: -
C29: Long Barrel | D29: 2 | E29: 5 | F29: 3 | G29: 6 | H29: 2 | I29: 5 | J29: 3 | K29: 6 | O29: =IFS(OR(G29="-",ISBLANK(G29)),"-",G29<1,"one-hit",G29<=3,60/L27,OR(G29=4,G29=7,G29=9),"manual",G29<7,2*60/L27,G29<9,3*60/L27,G29<=11,4*60/L27,G29>11,"???") -> 0.20408163 | P29: =IFS(OR(K29="-",ISBLANK(K29)),"-",K29<1,"one-hit",K29<=3,60/L27,OR(K29=4,K29=7,K29=9),"manual",K29<7,2*60/L27,K29<9,3*60/L27,K29<=11,4*60/L27,K29>11,"???") -> 0.20408163 | Q29: - | R29: - | Z29: - | AA29: -
B30: M4A1 | C30: Standard Barrel | D30: 3 | E30: 6 | F30: 3 | G30: 7 | H30: 3 | I30: 6 | J30: 3 | K30: 7 | L30: 882 | M30: =L30/60 -> 14.7 | N30: =60/L30 -> 0.068027211 | O30: =60*3/L30 -> 0.20408163 | P30: =IFS(OR(K30="-",ISBLANK(K30)),"-",K30<1,"one-hit",K30<=3,60/L30,OR(K30=4,K30=7,K30=9),"manual",K30<7,2*60/L30,K30<9,3*60/L30,K30<=11,4*60/L30,K30>11,"???") -> manual | Q30: - | R30: - | S30: 20 | U30: 30 | W30: 50 | Y30: 1.97 | Z30: - | AA30: -
C31: Long Barrel | D31: 3 | E31: 5 | F31: 3 | G31: 6 | H31: 3 | I31: 6 | J31: 3 | K31: 7 | O31: =IFS(OR(G31="-",ISBLANK(G31)),"-",G31<1,"one-hit",G31<=3,60/L30,OR(G31=4,G31=7,G31=9),"manual",G31<7,2*60/L30,G31<9,3*60/L30,G31<=11,4*60/L30,G31>11,"???") -> 0.13605442 | P31: =IFS(OR(K31="-",ISBLANK(K31)),"-",K31<1,"one-hit",K31<=3,60/L30,OR(K31=4,K31=7,K31=9),"manual",K31<7,2*60/L30,K31<9,3*60/L30,K31<=11,4*60/L30,K31>11,"???") -> manual | Q31: - | R31: - | Z31: - | AA31: -
B32: Mk17 | C32: Short Barrel | D32: 2 | E32: 5 | F32: 3 | G32: 6 | H32: 2 | I32: 5 | J32: 3 | K32: 6 | L32: 610 | M32: =L32/60 -> 10.166667 | N32: =60/L32 -> 0.098360656 | O32: =IFS(OR(G32="-",ISBLANK(G32)),"-",G32<1,"one-hit",G32<=3,60/L32,OR(G32=4,G32=7,G32=9),"manual",G32<7,2*60/L32,G32<9,3*60/L32,G32<=11,4*60/L32,G32>11,"???") -> 0.19672131 | P32: =IFS(OR(K32="-",ISBLANK(K32)),"-",K32<1,"one-hit",K32<=3,60/L32,OR(K32=4,K32=7,K32=9),"manual",K32<7,2*60/L32,K32<9,3*60/L32,K32<=11,4*60/L32,K32>11,"???") -> 0.19672131 | Q32: - | R32: - | S32: 20 | V32: 30 | Y32: - | Z32: - | AA32: -
C33: Standard Barrel | D33: 2 | E33: 4 | F33: 3 | G33: 5 | H33: 2 | I33: 5 | J33: 3 | K33: 6 | O33: =IFS(OR(G33="-",ISBLANK(G33)),"-",G33<1,"one-hit",G33<=3,60/L32,OR(G33=4,G33=7,G33=9),"manual",G33<7,2*60/L32,G33<9,3*60/L32,G33<=11,4*60/L32,G33>11,"???") -> 0.19672131 | P33: =IFS(OR(K33="-",ISBLANK(K33)),"-",K33<1,"one-hit",K33<=3,60/L32,OR(K33=4,K33=7,K33=9),"manual",K33<7,2*60/L32,K33<9,3*60/L32,K33<=11,4*60/L32,K33>11,"???") -> 0.19672131 | Q33: - | R33: - | Y33: 2.95 | Z33: - | AA33: -
C34: Long Barrel | D34: 2 | E34: 4 | F34: 3 | G34: 5 | H34: 2 | I34: 4 | J34: 3 | K34: 5 | O34: =IFS(OR(G34="-",ISBLANK(G34)),"-",G34<1,"one-hit",G34<=3,60/L32,OR(G34=4,G34=7,G34=9),"manual",G34<7,2*60/L32,G34<9,3*60/L32,G34<=11,4*60/L32,G34>11,"???") -> 0.19672131 | P34: =IFS(OR(K34="-",ISBLANK(K34)),"-",K34<1,"one-hit",K34<=3,60/L32,OR(K34=4,K34=7,K34=9),"manual",K34<7,2*60/L32,K34<9,3*60/L32,K34<=11,4*60/L32,K34>11,"???") -> 0.19672131 | Q34: - | R34: - | Z34: - | AA34: -
B35: ACR | C35: Short Barrel | D35: 3 | E35: 7 | F35: 4 | G35: 8 | H35: 3 | I35: 7 | J35: 4 | K35: 9 | L35: 780 | M35: =L35/60 -> 13 | N35: =60/L35 -> 0.076923077 | O35: =IFS(OR(G35="-",ISBLANK(G35)),"-",G35<1,"one-hit",G35<=3,60/L35,OR(G35=4,G35=7,G35=9),"manual",G35<7,2*60/L35,G35<9,3*60/L35,G35<=11,4*60/L35,G35>11,"???") -> 0.23076923 | P35: =IFS(OR(K35="-",ISBLANK(K35)),"-",K35<1,"one-hit",K35<=3,60/L35,OR(K35=4,K35=7,K35=9),"manual",K35<7,2*60/L35,K35<9,3*60/L35,K35<=11,4*60/L35,K35>11,"???") -> manual | Q35: - | R35: - | S35: 20 | U35: 30 | W35: 50 | Y35: - | Z35: - | AA35: -
C36: Standard Barrel | D36: 3 | E36: 6 | F36: 3 | G36: 7 | H36: 3 | I36: 6 | J36: 4 | K36: 8 | O36: =60*3/L35 -> 0.23076923 | P36: =IFS(OR(K36="-",ISBLANK(K36)),"-",K36<1,"one-hit",K36<=3,60/L35,OR(K36=4,K36=7,K36=9),"manual",K36<7,2*60/L35,K36<9,3*60/L35,K36<=11,4*60/L35,K36>11,"???") -> 0.23076923 | Q36: - | R36: - | Y36: 1.97 | Z36: - | AA36: -
C37: Long Barrel | D37: 3 | E37: 5 | F37: 3 | G37: 7 | H37: 3 | I37: 6 | J37: 3 | K37: 7 | O37: =60*2/L35 -> 0.15384615 | P37: =IFS(OR(K37="-",ISBLANK(K37)),"-",K37<1,"one-hit",K37<=3,60/L35,OR(K37=4,K37=7,K37=9),"manual",K37<7,2*60/L35,K37<9,3*60/L35,K37<=11,4*60/L35,K37>11,"???") -> manual | Q37: - | R37: - | Z37: - | AA37: -
B38: TAR-21 | C38: Standard Barrel | D38: 3 | E38: 6 | F38: 3 | G38: 7 | H38: 3 | I38: 6 | J38: 4 | K38: 8 | L38: 832 | M38: =L38/60 -> 13.866667 | N38: =60/L38 -> 0.072115385 | O38: =60*3/L38 -> 0.21634615 | P38: =IFS(OR(K38="-",ISBLANK(K38)),"-",K38<1,"one-hit",K38<=3,60/L38,OR(K38=4,K38=7,K38=9),"manual",K38<7,2*60/L38,K38<9,3*60/L38,K38<=11,4*60/L38,K38>11,"???") -> 0.21634615 | Q38: - | R38: - | S38: 20 | U38: 30 | W38: 50 | Y38: 1.97 | Z38: - | AA38: -
C39: Long Barrel | D39: 3 | E39: 5 | F39: 3 | G39: 7 | H39: 3 | I39: 6 | J39: 3 | K39: 7 | O39: =60*2/L38 -> 0.14423077 | P39: =IFS(OR(K39="-",ISBLANK(K39)),"-",K39<1,"one-hit",K39<=3,60/L38,OR(K39=4,K39=7,K39=9),"manual",K39<7,2*60/L38,K39<9,3*60/L38,K39<=11,4*60/L38,K39>11,"???") -> manual | Q39: - | R39: - | Z39: - | AA39: -
B40: G36C | C40: Standard Barrel | D40: 3 | E40: 6 | F40: 3 | G40: 7 | H40: 3 | I40: 6 | J40: 3 | K40: 7 | L40: 735 | M40: =L40/60 -> 12.25 | N40: =60/L40 -> 0.081632653 | O40: =60*3/L40 -> 0.24489796 | P40: =IFS(OR(K40="-",ISBLANK(K40)),"-",K40<1,"one-hit",K40<=3,60/L40,OR(K40=4,K40=7,K40=9),"manual",K40<7,2*60/L40,K40<9,3*60/L40,K40<=11,4*60/L40,K40>11,"???") -> manual | Q40: - | R40: - | S40: 20 | U40: 30 | W40: 50 | Y40: 1.98 | Z40: - | AA40: -
C41: Long Barrel | D41: 3 | E41: 5 | F41: 3 | G41: 6 | H41: 3 | I41: 6 | J41: 3 | K41: 7 | O41: =IFS(OR(G41="-",ISBLANK(G41)),"-",G41<1,"one-hit",G41<=3,60/L40,OR(G41=4,G41=7,G41=9),"manual",G41<7,2*60/L40,G41<9,3*60/L40,G41<=11,4*60/L40,G41>11,"???") -> 0.16326531 | P41: =IFS(OR(K41="-",ISBLANK(K41)),"-",K41<1,"one-hit",K41<=3,60/L40,OR(K41=4,K41=7,K41=9),"manual",K41<7,2*60/L40,K41<9,3*60/L40,K41<=11,4*60/L40,K41>11,"???") -> manual | Q41: - | R41: - | Z41: - | AA41: -
B42: Fallen Ghosts
B43: R4 | C43: Standard Barrel | D43: 3 | E43: 5 | F43: 3 | G43: 7 | H43: 3 | I43: 6 | J43: 3 | K43: 7 | L43: 691 | M43: =L43/60 -> 11.516667 | N43: =60/L43 -> 0.08683068 | O43: =60*3/L43 -> 0.26049204 | P43: =IFS(OR(K43="-",ISBLANK(K43)),"-",K43<1,"one-hit",K43<=3,60/L43,OR(K43=4,K43=7,K43=9),"manual",K43<7,2*60/L43,K43<9,3*60/L43,K43<=11,4*60/L43,K43>11,"???") -> manual | Q43: - | R43: - | S43: 20 | V43: 30 | Y43: 1.97 | Z43: - | AA43: -
C44: Long Barrel | D44: 2 | E44: 5 | F44: 3 | G44: 6 | H44: 3 | I44: 5 | J44: 3 | K44: 7 | O44: =IFS(OR(G44="-",ISBLANK(G44)),"-",G44<1,"one-hit",G44<=3,60/L43,OR(G44=4,G44=7,G44=9),"manual",G44<7,2*60/L43,G44<9,3*60/L43,G44<=11,4*60/L43,G44>11,"???") -> 0.17366136 | P44: =IFS(OR(K44="-",ISBLANK(K44)),"-",K44<1,"one-hit",K44<=3,60/L43,OR(K44=4,K44=7,K44=9),"manual",K44<7,2*60/L43,K44<9,3*60/L43,K44<=11,4*60/L43,K44>11,"???") -> manual | Q44: - | R44: - | Z44: - | AA44: -
B45: MDR | C45: Standard Barrel | D45: 3 | E45: 6 | F45: 3 | G45: 7 | H45: 3 | I45: 6 | J45: 4 | K45: 8 | L45: 828 | M45: =L45/60 -> 13.8 | N45: =60/L45 -> 0.072463768 | O45: =60*3/L45 -> 0.2173913 | P45: =IFS(OR(K45="-",ISBLANK(K45)),"-",K45<1,"one-hit",K45<=3,60/L45,OR(K45=4,K45=7,K45=9),"manual",K45<7,2*60/L45,K45<9,3*60/L45,K45<=11,4*60/L45,K45>11,"???") -> 0.2173913 | Q45: - | R45: - | S45: 20 | U45: 30 | W45: 50 | Y45: 1.97 | Z45: - | AA45: -
C46: Long Barrel | D46: 3 | E46: 5 | F46: 3 | G46: 7 | H46: 3 | I46: 6 | J46: 3 | K46: 7 | O46: =60*2/L45 -> 0.14492754 | P46: =IFS(OR(K46="-",ISBLANK(K46)),"-",K46<1,"one-hit",K46<=3,60/L45,OR(K46=4,K46=7,K46=9),"manual",K46<7,2*60/L45,K46<9,3*60/L45,K46<=11,4*60/L45,K46>11,"???") -> manual | Q46: - | R46: - | Z46: - | AA46: -
B47: Other
B48: M16 | C48: Standard Barrel | D48: 3 | E48: 6 | F48: 3 | G48: 7 | H48: 3 | I48: 6 | J48: 3 | K48: 7 | L48: 686 | M48: =L48/60 -> 11.433333 | N48: =60/L48 -> 0.087463557 | O48: =60*3/L48 -> 0.26239067 | P48: =IFS(OR(K48="-",ISBLANK(K48)),"-",K48<1,"one-hit",K48<=3,60/L48,OR(K48=4,K48=7,K48=9),"manual",K48<7,2*60/L48,K48<9,3*60/L48,K48<=11,4*60/L48,K48>11,"???") -> manual | Q48: - | R48: - | S48: 20 | U48: 30 | W48: 50 | Y48: 1.97 | Z48: - | AA48: -
B49: SC4000 | C49: Standard Barrel | D49: - | E49: - | F49: - | G49: - | H49: 3 | I49: 6 | J49: 3 | K49: 7 | L49: - | M49: - | N49: - | O49: =IFS(OR(G49="-",ISBLANK(G49)),"-",G49<1,"one-hit",G49<=3,60/L49,OR(G49=4,G49=7,G49=9),"manual",G49<7,2*60/L49,G49<9,3*60/L49,G49<=11,4*60/L49,G49>11,"???") -> - | P49: =IFS(OR(K49="-",ISBLANK(K49)),"-",K49<1,"one-hit",K49<=3,60/L49,OR(K49=4,K49=7,K49=9),"manual",K49<7,2*60/L49,K49<9,3*60/L49,K49<=11,4*60/L49,K49>11,"???") -> manual | Q49: - | R49: - | S49: 30 | Y49: - | Z49: - | AA49: -
B50: HK416 | C50: Short Barrel | D50: 3 | E50: 6 | F50: 3 | G50: 7 | H50: 3 | I50: 6 | J50: 4 | K50: 8 | L50: 840 | M50: =L50/60 -> 14 | N50: =60/L50 -> 0.071428571 | O50: =60*3/L50 -> 0.21428571 | P50: =IFS(OR(K50="-",ISBLANK(K50)),"-",K50<1,"one-hit",K50<=3,60/L50,OR(K50=4,K50=7,K50=9),"manual",K50<7,2*60/L50,K50<9,3*60/L50,K50<=11,4*60/L50,K50>11,"???") -> 0.21428571 | Q50: - | R50: - | S50: 20 | U50: 30 | W50: 50 | Y50: - | Z50: - | AA50: -
C51: Standard Barrel | D51: 3 | E51: 5 | F51: 3 | G51: 6 | H51: 3 | I51: 6 | J51: 3 | K51: 7 | O51: =IFS(OR(G51="-",ISBLANK(G51)),"-",G51<1,"one-hit",G51<=3,60/L50,OR(G51=4,G51=7,G51=9),"manual",G51<7,2*60/L50,G51<9,3*60/L50,G51<=11,4*60/L50,G51>11,"???") -> 0.14285714 | P51: =IFS(OR(K51="-",ISBLANK(K51)),"-",K51<1,"one-hit",K51<=3,60/L50,OR(K51=4,K51=7,K51=9),"manual",K51<7,2*60/L50,K51<9,3*60/L50,K51<=11,4*60/L50,K51>11,"???") -> manual | Q51: - | R51: - | Y51: 1.97 | Z51: - | AA51: -
C52: Long Barrel | D52: 2 | E52: 5 | F52: 3 | G52: 6 | H52: 3 | I52: 6 | J52: 3 | K52: 7 | O52: =IFS(OR(G52="-",ISBLANK(G52)),"-",G52<1,"one-hit",G52<=3,60/L50,OR(G52=4,G52=7,G52=9),"manual",G52<7,2*60/L50,G52<9,3*60/L50,G52<=11,4*60/L50,G52>11,"???") -> 0.14285714 | P52: =IFS(OR(K52="-",ISBLANK(K52)),"-",K52<1,"one-hit",K52<=3,60/L50,OR(K52=4,K52=7,K52=9),"manual",K52<7,2*60/L50,K52<9,3*60/L50,K52<=11,4*60/L50,K52>11,"???") -> manual | Q52: - | R52: - | Z52: - | AA52: -
B53: LVOA-C | C53: Standard Barrel | D53: - | E53: - | F53: - | G53: - | H53: 4 | I53: 9 | J53: 5 | K53: 10 | L53: 828 | M53: =L53/60 -> 13.8 | N53: =60/L53 -> 0.072463768 | O53: =IFS(OR(G53="-",ISBLANK(G53)),"-",G53<1,"one-hit",G53<=3,60/L53,OR(G53=4,G53=7,G53=9),"manual",G53<7,2*60/L53,G53<9,3*60/L53,G53<=11,4*60/L53,G53>11,"???") -> - | P53: =IFS(OR(K53="-",ISBLANK(K53)),"-",K53<1,"one-hit",K53<=3,60/L53,OR(K53=4,K53=7,K53=9),"manual",K53<7,2*60/L53,K53<9,3*60/L53,K53<=11,4*60/L53,K53>11,"???") -> 0.28985507 | Q53: - | R53: - | S53: 20 | U53: 30 | W53: 50 | Y53: 1.97 | Z53: - | AA53: -
B54: Mk 18 | C54: Standard Barrel | D54: 3 | E54: 6 | F54: 3 | G54: 7 | H54: 3 | I54: 6 | J54: 3 | K54: 8 | L54: - | M54: - | N54: - | O54: =IFS(OR(G54="-",ISBLANK(G54)),"-",G54<1,"one-hit",G54<=3,60/L54,OR(G54=4,G54=7,G54=9),"manual",G54<7,2*60/L54,G54<9,3*60/L54,G54<=11,4*60/L54,G54>11,"???") -> manual | P54: =IFS(OR(K54="-",ISBLANK(K54)),"-",K54<1,"one-hit",K54<=3,60/L54,OR(K54=4,K54=7,K54=9),"manual",K54<7,2*60/L54,K54<9,3*60/L54,K54<=11,4*60/L54,K54>11,"???") -> #VALUE! | Q54: - | R54: - | S54: 30 | Y54: - | Z54: - | AA54: -
B55: FAL | C55: Standard Barrel | D55: 2 | E55: 5 | F55: 3 | G55: 6 | H55: 3 | I55: 5 | J55: 3 | K55: 6 | L55: 680 | M55: =L55/60 -> 11.333333 | N55: =60/L55 -> 0.088235294 | O55: =IFS(OR(G55="-",ISBLANK(G55)),"-",G55<1,"one-hit",G55<=3,60/L55,OR(G55=4,G55=7,G55=9),"manual",G55<7,2*60/L55,G55<9,3*60/L55,G55<=11,4*60/L55,G55>11,"???") -> 0.17647059 | P55: =IFS(OR(K55="-",ISBLANK(K55)),"-",K55<1,"one-hit",K55<=3,60/L55,OR(K55=4,K55=7,K55=9),"manual",K55<7,2*60/L55,K55<9,3*60/L55,K55<=11,4*60/L55,K55>11,"???") -> 0.17647059 | Q55: - | R55: - | S55: 20 | V55: 30 | Y55: 1.97 | Z55: - | AA55: -
B56: Unique Assault Rifles
B57: Buchon Rewards
B58: Her AK-47 | D58: - | E58: - | F58: - | G58: - | H58: 2 | I58: 4 | J58: 3 | K58: 5 | L58: 588 | M58: =L58/60 -> 9.8 | N58: =60/L58 -> 0.10204082 | O58: =IFS(OR(G58="-",ISBLANK(G58)),"-",G58<1,"one-hit",G58<=3,60/L58,OR(G58=4,G58=7,G58=9),"manual",G58<7,2*60/L58,G58<9,3*60/L58,G58<=11,4*60/L58,G58>11,"???") -> - | P58: =IFS(OR(K58="-",ISBLANK(K58)),"-",K58<1,"one-hit",K58<=3,60/L58,OR(K58=4,K58=7,K58=9),"manual",K58<7,2*60/L58,K58<9,3*60/L58,K58<=11,4*60/L58,K58>11,"???") -> 0.20408163 | Q58: - | R58: - | S58: 50 | Y58: - | Z58: - | AA58: -
B59: His AK-47 | D59: - | E59: - | F59: - | G59: - | H59: 2 | I59: 4 | J59: 2 | K59: 5 | L59: 588 | M59: =L59/60 -> 9.8 | N59: =60/L59 -> 0.10204082 | O59: =IFS(OR(G59="-",ISBLANK(G59)),"-",G59<1,"one-hit",G59<=3,60/L59,OR(G59=4,G59=7,G59=9),"manual",G59<7,2*60/L59,G59<9,3*60/L59,G59<=11,4*60/L59,G59>11,"???") -> - | P59: =IFS(OR(K59="-",ISBLANK(K59)),"-",K59<1,"one-hit",K59<=3,60/L59,OR(K59=4,K59=7,K59=9),"manual",K59<7,2*60/L59,K59<9,3*60/L59,K59<=11,4*60/L59,K59>11,"???") -> 0.20408163 | Q59: - | R59: - | S59: 20 | Y59: - | Z59: - | AA59: -
B60: El Commandante | D60: N/A | F60: - | G60: - | H60: N/A | J60: 3 | K60: 7 | L60: - | M60: - | N60: - | O60: =IFS(OR(G60="-",ISBLANK(G60)),"-",G60<1,"one-hit",G60<=3,60/L60,OR(G60=4,G60=7,G60=9),"manual",G60<7,2*60/L60,G60<9,3*60/L60,G60<=11,4*60/L60,G60>11,"???") -> - | P60: =IFS(OR(K60="-",ISBLANK(K60)),"-",K60<1,"one-hit",K60<=3,60/L60,OR(K60=4,K60=7,K60=9),"manual",K60<7,2*60/L60,K60<9,3*60/L60,K60<=11,4*60/L60,K60>11,"???") -> manual | Q60: - | R60: - | S60: 50 | Y60: - | Z60: - | AA60: -
B61: M4A1 Tactical | D61: - | E61: - | F61: N/A | H61: 2 | I61: 5 | J61: N/A | L61: - | M61: - | N61: - | O61: =IFS(OR(G61="-",ISBLANK(G61)),"-",G61<1,"one-hit",G61<=3,60/L61,OR(G61=4,G61=7,G61=9),"manual",G61<7,2*60/L61,G61<9,3*60/L61,G61<=11,4*60/L61,G61>11,"???") -> - | P61: =IFS(OR(K61="-",ISBLANK(K61)),"-",K61<1,"one-hit",K61<=3,60/L61,OR(K61=4,K61=7,K61=9),"manual",K61<7,2*60/L61,K61<9,3*60/L61,K61<=11,4*60/L61,K61>11,"???") -> - | Q61: - | R61: - | S61: 30 | Y61: - | Z61: - | AA61: -
B62: Ritmo | D62: N/A | F62: - | G62: - | H62: N/A | J62: 3 | K62: 6 | L62: - | M62: - | N62: - | O62: =IFS(OR(G62="-",ISBLANK(G62)),"-",G62<1,"one-hit",G62<=3,60/L62,OR(G62=4,G62=7,G62=9),"manual",G62<7,2*60/L62,G62<9,3*60/L62,G62<=11,4*60/L62,G62>11,"???") -> - | P62: =IFS(OR(K62="-",ISBLANK(K62)),"-",K62<1,"one-hit",K62<=3,60/L62,OR(K62=4,K62=7,K62=9),"manual",K62<7,2*60/L62,K62<9,3*60/L62,K62<=11,4*60/L62,K62>11,"???") -> #VALUE! | Q62: - | R62: - | S62: 30 | Y62: - | Z62: - | AA62: -
B63: Fallen Ghosts
B64: 556xi Dragon | H64: 2 | I64: 5 | J64: 3 | K64: 6 | L64: - | M64: - | N64: - | O64: =IFS(OR(G64="-",ISBLANK(G64)),"-",G64<1,"one-hit",G64<=3,60/L64,OR(G64=4,G64=7,G64=9),"manual",G64<7,2*60/L64,G64<9,3*60/L64,G64<=11,4*60/L64,G64>11,"???") -> - | Q64: - | R64: - | S64: 50 | Y64: - | Z64: - | AA64: -
B65: Extranjeros MDR | H65: 3 | I65: 6 | J65: 3 | K65: 7 | L65: - | M65: - | N65: - | O65: =IFS(OR(G65="-",ISBLANK(G65)),"-",G65<1,"one-hit",G65<=3,60/L65,OR(G65=4,G65=7,G65=9),"manual",G65<7,2*60/L65,G65<9,3*60/L65,G65<=11,4*60/L65,G65>11,"???") -> - | Q65: - | R65: - | S65: 30 | Y65: - | Z65: - | AA65: -
B66: Extranjeros R4 | F66: N/A | H66: 3 | I66: 5 | J66: N/A | L66: - | M66: - | N66: - | O66: =IFS(OR(G66="-",ISBLANK(G66)),"-",G66<1,"one-hit",G66<=3,60/L66,OR(G66=4,G66=7,G66=9),"manual",G66<7,2*60/L66,G66<9,3*60/L66,G66<=11,4*60/L66,G66>11,"???") -> - | Q66: - | R66: - | S66: 30 | Y66: - | Z66: - | AA66: -
B67: L85A2 Crocodile | H67: 3 | I67: 6 | J67: 3 | K67: 7 | L67: - | M67: - | N67: - | O67: =IFS(OR(G67="-",ISBLANK(G67)),"-",G67<1,"one-hit",G67<=3,60/L67,OR(G67=4,G67=7,G67=9),"manual",G67<7,2*60/L67,G67<9,3*60/L67,G67<=11,4*60/L67,G67>11,"???") -> - | Q67: - | R67: - | S67: 30 | Y67: - | Z67: - | AA67: -
B68: Tier 1 Reward
B69: LVOA-C Bad News | D69: 2 | E69: 5 | F69: 3 | G69: 6 | H69: 3 | I69: 5 | J69: 3 | K69: 6 | L69: 828 | M69: =L69/60 -> 13.8 | N69: =60/L69 -> 0.072463768 | O69: =IFS(OR(G69="-",ISBLANK(G69)),"-",G69<1,"one-hit",G69<=3,60/L69,OR(G69=4,G69=7,G69=9),"manual",G69<7,2*60/L69,G69<9,3*60/L69,G69<=11,4*60/L69,G69>11,"???") -> 0.14492754 | P69: =IFS(OR(K69="-",ISBLANK(K69)),"-",K69<1,"one-hit",K69<=3,60/L69,OR(K69=4,K69=7,K69=9),"manual",K69<7,2*60/L69,K69<9,3*60/L69,K69<=11,4*60/L69,K69>11,"???") -> 0.14492754 | Q69: - | R69: - | S69: 30 | Y69: 1.97 | Z69: - | AA69: -
B70: Ubisoft Club Rewards
B71: AK12 GR Network | H71: - | I71: - | J71: - | K71: - | S71: 30
B72: GRFS ACR | H72: 3 | I72: 6 | J72: 3 | K72: 7 | S72: 30
B73: LVOA-C Division | H73: 4 | I73: 9 | J73: 5 | K73: 10 | S73: 20
B74: SIG556 Llama | H74: 3 | I74: 6 | J74: 3 | K74: 7 | S74: 30
B75: Other
B76: ACR Baby Vintage | H76: 3 | I76: 6 | J76: 4 | K76: 8 | L76: - | M76: - | N76: - | O76: =IFS(OR(G76="-",ISBLANK(G76)),"-",G76<1,"one-hit",G76<=3,60/L76,OR(G76=4,G76=7,G76=9),"manual",G76<7,2*60/L76,G76<9,3*60/L76,G76<=11,4*60/L76,G76>11,"???") -> - | Q76: - | R76: - | S76: 30 | Y76: - | Z76: - | AA76: -
B77: AK-47 Uprising | H77: 3 | I77: 6 | J77: 3 | K77: 7 | L77: - | M77: - | N77: - | O77: =IFS(OR(G77="-",ISBLANK(G77)),"-",G77<1,"one-hit",G77<=3,60/L77,OR(G77=4,G77=7,G77=9),"manual",G77<7,2*60/L77,G77<9,3*60/L77,G77<=11,4*60/L77,G77>11,"???") -> - | Q77: - | R77: - | S77: 50 | Y77: - | Z77: - | AA77: -
B78: AK12 Victory | H78: 3 | I78: 6 | J78: 3 | K78: 7 | L78: - | M78: - | N78: - | O78: =IFS(OR(G78="-",ISBLANK(G78)),"-",G78<1,"one-hit",G78<=3,60/L78,OR(G78=4,G78=7,G78=9),"manual",G78<7,2*60/L78,G78<9,3*60/L78,G78<=11,4*60/L78,G78>11,"???") -> - | Q78: - | R78: - | S78: 30 | Y78: - | Z78: - | AA78: -
B79: G2 70s | H79: 3 | I79: 7 | J79: 4 | K79: 9 | L79: - | M79: - | N79: - | O79: =IFS(OR(G79="-",ISBLANK(G79)),"-",G79<1,"one-hit",G79<=3,60/L79,OR(G79=4,G79=7,G79=9),"manual",G79<7,2*60/L79,G79<9,3*60/L79,G79<=11,4*60/L79,G79>11,"???") -> - | Q79: - | R79: - | S79: 20 | Y79: - | Z79: - | AA79: -
B80: M4A1 Commando | D80: N/A | H80: N/A | J80: 3 | K80: 7 | L80: - | M80: - | N80: - | O80: =IFS(OR(G80="-",ISBLANK(G80)),"-",G80<1,"one-hit",G80<=3,60/L80,OR(G80=4,G80=7,G80=9),"manual",G80<7,2*60/L80,G80<9,3*60/L80,G80<=11,4*60/L80,G80>11,"???") -> - | Q80: - | R80: - | S80: 30 | Y80: - | Z80: - | AA80: -
B81: M4A1 Explorer | H81: 3 | I81: 6 | J81: 3 | K81: 7 | L81: - | M81: - | N81: - | O81: =IFS(OR(G81="-",ISBLANK(G81)),"-",G81<1,"one-hit",G81<=3,60/L81,OR(G81=4,G81=7,G81=9),"manual",G81<7,2*60/L81,G81<9,3*60/L81,G81<=11,4*60/L81,G81>11,"???") -> - | Q81: - | R81: - | S81: 30 | Y81: - | Z81: - | AA81: -
B82: M4A1 Temple | D82: N/A | H82: N/A | J82: 3 | K82: 7 | L82: - | M82: - | N82: - | O82: =IFS(OR(G82="-",ISBLANK(G82)),"-",G82<1,"one-hit",G82<=3,60/L82,OR(G82=4,G82=7,G82=9),"manual",G82<7,2*60/L82,G82<9,3*60/L82,G82<=11,4*60/L82,G82>11,"???") -> - | Q82: - | R82: - | S82: 50 | Y82: - | Z82: - | AA82: -
B83: MK17 Nerd | H83: 2 | I83: 5 | J83: 3 | K83: 6 | L83: - | M83: - | N83: - | O83: =IFS(OR(G83="-",ISBLANK(G83)),"-",G83<1,"one-hit",G83<=3,60/L83,OR(G83=4,G83=7,G83=9),"manual",G83<7,2*60/L83,G83<9,3*60/L83,G83<=11,4*60/L83,G83>11,"???") -> - | Q83: - | R83: - | S83: 20 | Y83: - | Z83: - | AA83: -
B84: Mk 17 Tiger Fang | H84: 2 | I84: 4 | J84: 2 | K84: 5 | L84: - | M84: - | N84: - | O84: =IFS(OR(G84="-",ISBLANK(G84)),"-",G84<1,"one-hit",G84<=3,60/L84,OR(G84=4,G84=7,G84=9),"manual",G84<7,2*60/L84,G84<9,3*60/L84,G84<=11,4*60/L84,G84>11,"???") -> - | Q84: - | R84: - | S84: 20 | Y84: - | Z84: - | AA84: -
B85: P416 Micteca | H85: 3 | I85: 6 | J85: 3 | K85: 7 | L85: - | M85: - | N85: - | O85: =IFS(OR(G85="-",ISBLANK(G85)),"-",G85<1,"one-hit",G85<=3,60/L85,OR(G85=4,G85=7,G85=9),"manual",G85<7,2*60/L85,G85<9,3*60/L85,G85<=11,4*60/L85,G85>11,"???") -> - | Q85: - | R85: - | S85: 30 | Y85: - | Z85: - | AA85: -
B86: P416 Saviour | H86: 3 | I86: 7 | J86: 4 | K86: 9 | L86: - | M86: - | N86: - | O86: =IFS(OR(G86="-",ISBLANK(G86)),"-",G86<1,"one-hit",G86<=3,60/L86,OR(G86=4,G86=7,G86=9),"manual",G86<7,2*60/L86,G86<9,3*60/L86,G86<=11,4*60/L86,G86>11,"???") -> - | Q86: - | R86: - | S86: 30 | Y86: - | Z86: - | AA86: -
B87: TAR-21 Predator | H87: 3 | I87: 6 | J87: 4 | K87: 8 | L87: - | M87: - | N87: - | O87: =IFS(OR(G87="-",ISBLANK(G87)),"-",G87<1,"one-hit",G87<=3,60/L87,OR(G87=4,G87=7,G87=9),"manual",G87<7,2*60/L87,G87<9,3*60/L87,G87<=11,4*60/L87,G87>11,"???") -> - | Q87: - | R87: - | S87: 20 | Y87: - | Z87: - | AA87: -

Sheet LMGs
B2: Light Machine Guns | D2: Shots To Kill Target | L2: Rate of Fire | O2: TTK | Q2: T1 Damage | S2: Magazine | Y2: Reload | Z2: Aim Delay | AA2: Aim Sens.
D3: Unidad Heavy Tier 1 | H3: Unidad Heavy Non-Tier
D4: Semi-Auto | F4: Full-Auto | H4: Semi-Auto | J4: Full-Auto | L4: RPM | M4: RPS | N4: Inter. | O4: T1 | P4: No Tier | Q4: Semi | R4: Full | S4: St. | U4: Ex. | W4: La. | Y4: Base | Z4: Base | AA4: Base
D5: Head | E5: Body | F5: Head | G5: Body | H5: Head | I5: Body | J5: Head | K5: Body | Y5: 1 | Z5: 1 | AA5: 1
B6: Customizable Light Machine Guns
B7: MG121 | C7: Short Barrel | D7: N/A | F7: 5 | G7: 11 | H7: N/A | J7: 4 | K7: 8 | L7: 702 | M7: =L7/60 -> 11.7 | N7: =60/L7 -> 0.085470085 | O7: =IFS(OR(G7="-",ISBLANK(G7)),"-",G7<1,"one-hit",G7<=3,60/L7,OR(G7=4,G7=7,G7=9),"manual",G7<7,2*60/L7,G7<9,3*60/L7,G7<=11,4*60/L7,G7>11,"???") -> 0.34188034 | P7: =IFS(OR(K7="-",ISBLANK(K7)),"-",K7<1,"one-hit",K7<=3,60/L7,OR(K7=4,K7=7,K7=9),"manual",K7<7,2*60/L7,K7<9,3*60/L7,K7<=11,4*60/L7,K7>11,"???") -> 0.25641026 | Q7: - | R7: - | S7: 90 | Y7: 4.95 | Z7: - | AA7: -
C8: Standard Barrel | F8: 5 | G8: 10 | J8: 3 | K8: 7 | O8: =IFS(OR(G8="-",ISBLANK(G8)),"-",G8<1,"one-hit",G8<=3,60/L7,OR(G8=4,G8=7,G8=9),"manual",G8<7,2*60/L7,G8<9,3*60/L7,G8<=11,4*60/L7,G8>11,"???") -> 0.34188034 | P8: =IFS(OR(K8="-",ISBLANK(K8)),"-",K8<1,"one-hit",K8<=3,60/L7,OR(K8=4,K8=7,K8=9),"manual",K8<7,2*60/L7,K8<9,3*60/L7,K8<=11,4*60/L7,K8>11,"???") -> manual | Q8: - | R8: - | Z8: - | AA8: -
B9: Stoner LMG A1 | C9: Standard Barrel | D9: N/A | F9: 4 | G9: 8 | H9: N/A | J9: 3 | K9: 5 | L9: 698 | M9: =L9/60 -> 11.633333 | N9: =60/L9 -> 0.085959885 | O9: =IFS(OR(G9="-",ISBLANK(G9)),"-",G9<1,"one-hit",G9<=3,60/L9,OR(G9=4,G9=7,G9=9),"manual",G9<7,2*60/L9,G9<9,3*60/L9,G9<=11,4*60/L9,G9>11,"???") -> 0.25787966 | P9: =IFS(OR(K9="-",ISBLANK(K9)),"-",K9<1,"one-hit",K9<=3,60/L9,OR(K9=4,K9=7,K9=9),"manual",K9<7,2*60/L9,K9<9,3*60/L9,K9<=11,4*60/L9,K9>11,"???") -> 0.17191977 | Q9: - | R9: - | S9: 100 | Y9: 4.95 | Z9: - | AA9: -
C10: Long Barrel | F10: 3 | G10: 7 | J10: 2 | K10: 5 | O10: =60*3/L9 -> 0.25787966 | P10: =IFS(OR(K10="-",ISBLANK(K10)),"-",K10<1,"one-hit",K10<=3,60/L9,OR(K10=4,K10=7,K10=9),"manual",K10<7,2*60/L9,K10<9,3*60/L9,K10<=11,4*60/L9,K10>11,"???") -> 0.17191977 | Q10: - | R10: - | Z10: - | AA10: -
B11: MK-48 | C11: Standard Barrel | D11: N/A | F11: 4 | G11: 8 | H11: N/A | J11: 3 | K11: 6 | L11: 698 | M11: =L11/60 -> 11.633333 | N11: =60/L11 -> 0.085959885 | O11: =IFS(OR(G11="-",ISBLANK(G11)),"-",G11<1,"one-hit",G11<=3,60/L11,OR(G11=4,G11=7,G11=9),"manual",G11<7,2*60/L11,G11<9,3*60/L11,G11<=11,4*60/L11,G11>11,"???") -> 0.25787966 | P11: =IFS(OR(K11="-",ISBLANK(K11)),"-",K11<1,"one-hit",K11<=3,60/L11,OR(K11=4,K11=7,K11=9),"manual",K11<7,2*60/L11,K11<9,3*60/L11,K11<=11,4*60/L11,K11>11,"???") -> 0.17191977 | Q11: - | R11: - | S11: 100 | V11: 200 | Y11: 4.25 | Z11: - | AA11: -
C12: Long Barrel | F12: 3 | G12: 7 | J12: 3 | K12: 5 | O12: =60*3/L11 -> 0.25787966 | P12: =IFS(OR(K12="-",ISBLANK(K12)),"-",K12<1,"one-hit",K12<=3,60/L11,OR(K12=4,K12=7,K12=9),"manual",K12<7,2*60/L11,K12<9,3*60/L11,K12<=11,4*60/L11,K12>11,"???") -> 0.17191977 | Q12: - | R12: - | Z12: - | AA12: -
B13: Type 95 | C13: Short Barrel | D13: N/A | F13: 4 | G13: 9 | H13: N/A | J13: 3 | K13: 7 | L13: 636 | M13: =L13/60 -> 10.6 | N13: =60/L13 -> 0.094339623 | O13: =60*4/L13 -> 0.37735849 | P13: =IFS(OR(K13="-",ISBLANK(K13)),"-",K13<1,"one-hit",K13<=3,60/L13,OR(K13=4,K13=7,K13=9),"manual",K13<7,2*60/L13,K13<9,3*60/L13,K13<=11,4*60/L13,K13>11,"???") -> manual | Q13: - | R13: - | S13: 75 | Y13: 3.13 | Z13: - | AA13: -
C14: Standard Barrel | F14: 4 | G14: 8 | J14: 3 | K14: 6 | O14: =IFS(OR(G14="-",ISBLANK(G14)),"-",G14<1,"one-hit",G14<=3,60/L13,OR(G14=4,G14=7,G14=9),"manual",G14<7,2*60/L13,G14<9,3*60/L13,G14<=11,4*60/L13,G14>11,"???") -> 0.28301887 | P14: =IFS(OR(K14="-",ISBLANK(K14)),"-",K14<1,"one-hit",K14<=3,60/L13,OR(K14=4,K14=7,K14=9),"manual",K14<7,2*60/L13,K14<9,3*60/L13,K14<=11,4*60/L13,K14>11,"???") -> 0.18867925 | Q14: - | R14: - | Z14: - | AA14: -
B15: 6P41 | C15: Standard Barrel | D15: N/A | F15: 3 | G15: 6 | H15: N/A | J15: 2 | K15: 5 | L15: 590 | M15: =L15/60 -> 9.8333333 | N15: =60/L15 -> 0.10169492 | O15: =IFS(OR(G15="-",ISBLANK(G15)),"-",G15<1,"one-hit",G15<=3,60/L15,OR(G15=4,G15=7,G15=9),"manual",G15<7,2*60/L15,G15<9,3*60/L15,G15<=11,4*60/L15,G15>11,"???") -> 0.20338983 | P15: =IFS(OR(K15="-",ISBLANK(K15)),"-",K15<1,"one-hit",K15<=3,60/L15,OR(K15=4,K15=7,K15=9),"manual",K15<7,2*60/L15,K15<9,3*60/L15,K15<=11,4*60/L15,K15>11,"???") -> 0.20338983 | Q15: - | R15: - | S15: 175 | Y15: 3.97 | Z15: - | AA15: -
C16: Long Barrel | F16: 3 | G16: 6 | J16: 2 | K16: 4 | O16: =IFS(OR(G16="-",ISBLANK(G16)),"-",G16<1,"one-hit",G16<=3,60/L15,OR(G16=4,G16=7,G16=9),"manual",G16<7,2*60/L15,G16<9,3*60/L15,G16<=11,4*60/L15,G16>11,"???") -> 0.20338983 | P16: =IFS(OR(K16="-",ISBLANK(K16)),"-",K16<1,"one-hit",K16<=3,60/L15,OR(K16=4,K16=7,K16=9),"manual",K16<7,2*60/L15,K16<9,3*60/L15,K16<=11,4*60/L15,K16>11,"???") -> manual | Q16: - | R16: - | Z16: - | AA16: -
B17: Mk249 | C17: Standard Barrel | D17: N/A | F17: 5 | G17: 10 | H17: N/A | J17: 3 | K17: 7 | L17: 891 | M17: =L17/60 -> 14.85 | N17: =60/L17 -> 0.067340067 | O17: =IFS(OR(G17="-",ISBLANK(G17)),"-",G17<1,"one-hit",G17<=3,60/L17,OR(G17=4,G17=7,G17=9),"manual",G17<7,2*60/L17,G17<9,3*60/L17,G17<=11,4*60/L17,G17>11,"???") -> 0.26936027 | P17: =IFS(OR(K17="-",ISBLANK(K17)),"-",K17<1,"one-hit",K17<=3,60/L17,OR(K17=4,K17=7,K17=9),"manual",K17<7,2*60/L17,K17<9,3*60/L17,K17<=11,4*60/L17,K17>11,"???") -> manual | Q17: - | R17: - | S17: 150 | Y17: 3.97 | Z17: - | AA17: -
C18: Long Barrel | F18: 4 | G18: 10 | J18: 3 | K18: 7 | O18: =IFS(OR(G18="-",ISBLANK(G18)),"-",G18<1,"one-hit",G18<=3,60/L17,OR(G18=4,G18=7,G18=9),"manual",G18<7,2*60/L17,G18<9,3*60/L17,G18<=11,4*60/L17,G18>11,"???") -> 0.26936027 | P18: =IFS(OR(K18="-",ISBLANK(K18)),"-",K18<1,"one-hit",K18<=3,60/L17,OR(K18=4,K18=7,K18=9),"manual",K18<7,2*60/L17,K18<9,3*60/L17,K18<=11,4*60/L17,K18>11,"???") -> manual | Q18: - | R18: - | Z18: - | AA18: -
B19: Other
B20: U100 | C20: Standard Barrel | D20: N/A | F20: 4? | G20: 9? | H20: N/A | J20: 3 | K20: 7 | L20: - | M20: - | N20: - | O20: =IFS(OR(G20="-",ISBLANK(G20)),"-",G20<1,"one-hit",G20<=3,60/L20,OR(G20=4,G20=7,G20=9),"manual",G20<7,2*60/L20,G20<9,3*60/L20,G20<=11,4*60/L20,G20>11,"???") -> ??? | P20: =IFS(OR(K20="-",ISBLANK(K20)),"-",K20<1,"one-hit",K20<=3,60/L20,OR(K20=4,K20=7,K20=9),"manual",K20<7,2*60/L20,K20<9,3*60/L20,K20<=11,4*60/L20,K20>11,"???") -> manual | Q20: - | R20: - | S20: 100 | Z20: - | AA20: -
C21: Long Barrel | F21: 4? | G21: 8? | J21: 3 | K21: 6 | O21: =IFS(OR(G21="-",ISBLANK(G21)),"-",G21<1,"one-hit",G21<=3,60/L20,OR(G21=4,G21=7,G21=9),"manual",G21<7,2*60/L20,G21<9,3*60/L20,G21<=11,4*60/L20,G21>11,"???") -> ??? | P21: =IFS(OR(K21="-",ISBLANK(K21)),"-",K21<1,"one-hit",K21<=3,60/L20,OR(K21=4,K21=7,K21=9),"manual",K21<7,2*60/L20,K21<9,3*60/L20,K21<=11,4*60/L20,K21>11,"???") -> #VALUE! | Q21: - | R21: - | Z21: - | AA21: -
B22: M60E4 | C22: Standard Barrel | D22: N/A | H22: N/A | J22: 2 | K22: 4 | L22: - | M22: - | N22: - | O22: =IFS(OR(G22="-",ISBLANK(G22)),"-",G22<1,"one-hit",G22<=3,60/L22,OR(G22=4,G22=7,G22=9),"manual",G22<7,2*60/L22,G22<9,3*60/L22,G22<=11,4*60/L22,G22>11,"???") -> - | P22: =IFS(OR(K22="-",ISBLANK(K22)),"-",K22<1,"one-hit",K22<=3,60/L22,OR(K22=4,K22=7,K22=9),"manual",K22<7,2*60/L22,K22<9,3*60/L22,K22<=11,4*60/L22,K22>11,"???") -> manual | Q22: - | R22: - | S22: 200 | Z22: - | AA22: -
B23: Unique Light Machine Guns
B24: Buchon Rewards
B25: El Bastón | D25: N/A | H25: N/A | J25: 2 | K25: 4 | Q25: - | R25: - | S25: 175 | Z25: - | AA25: -
B26: Llamativo | D26: N/A | H26: N/A | J26: 3 | K26: 6 | Q26: - | R26: - | S26: 150 | Z26: - | AA26: -
B27: Fallen Ghosts
B28: T95 Spectre | D28: N/A | H28: N/A | J28: 3 | K28: 7 | Q28: - | R28: - | S28: 75 | Z28: - | AA28: -
B29: Buchon Rewards
B30: 6P41 Reaver | D30: N/A | H30: N/A | J30: 2 | K30: 5 | Q30: - | R30: - | S30: 175 | Z30: - | AA30: -
B31: Mk249 America | D31: N/A | H31: N/A | J31: 3 | K31: 7 | Q31: - | R31: - | S31: 150 | Z31: - | AA31: -
B32: MK48 Wasteland | D32: N/A | H32: N/A | J32: 3 | K32: 6 | Q32: - | R32: - | S32: 200 | Z32: - | AA32: -
B33: Type 95 Initiate | D33: N/A | H33: N/A | J33: 3 | K33: 6 | Q33: - | R33: - | S33: 75 | Z33: - | AA33: -
B34: Stoner Veteran | D34: N/A | H34: N/A | J34: 3 | K34: 5 | Q34: - | R34: - | S34: 100 | Z34: - | AA34: -
B35: Unidad RPK-74 | D35: N/A | H35: N/A | J35: 2 | K35: 5 | Q35: - | R35: - | S35: 175 | Z35: - | AA35: -
B36: Veteran Bren | H36: 3 | I36: 6 | J36: 3 | K36: 7 | Q36: - | R36: - | S36: 20 | Z36: - | AA36: -

Sheet SMGs
B2: Submachine Guns | D2: Shots To Kill Target | L2: Rate of Fire | O2: TTK | Q2: T1 Damage | S2: Magazine | Y2: Reload | Z2: Aim Delay | AA2: Aim Sens.
D3: Unidad Heavy Tier 1 | H3: Unidad Heavy Non-Tier
D4: Semi-Auto | F4: Full-Auto | H4: Semi-Auto | J4: Full-Auto | L4: RPM | M4: RPS | N4: Inter. | O4: T1 | P4: No Tier | Q4: Semi | R4: Full | S4: St. | U4: Ex. | W4: La. | Y4: Base | Z4: Base | AA4: Base
D5: Head | E5: Body | F5: Head | G5: Body | H5: Head | I5: Body | J5: Head | K5: Body | Y5: 1 | Z5: 1 | AA5: 1
B6: Customizable Submachine Guns
B7: MP5 | C7: Standard Barrel | D7: 3 | E7: 7 | F7: 4 | G7: 8 | H7: 3 | I7: 7 | J7: 4 | K7: 10 | L7: 780 | M7: =L7/60 -> 13 | N7: =60/L7 -> 0.076923077 | O7: =IFS(OR(G7="-",ISBLANK(G7)),"-",G7<1,"one-hit",G7<=3,60/L7,OR(G7=4,G7=7,G7=9),"manual",G7<7,2*60/L7,G7<9,3*60/L7,G7<=11,4*60/L7,G7>11,"???") -> 0.23076923 | P7: =IFS(OR(K7="-",ISBLANK(K7)),"-",K7<1,"one-hit",K7<=3,60/L7,OR(K7=4,K7=7,K7=9),"manual",K7<7,2*60/L7,K7<9,3*60/L7,K7<=11,4*60/L7,K7>11,"???") -> 0.30769231 | Q7: - | R7: - | S7: 20 | V7: 30 | Y7: 1.72 | Z7: - | AA7: -
C8: Long Barrel | D8: 3 | E8: 6 | F8: 4 | G8: 8 | H8: 3 | I8: 7 | J8: 4 | K8: 9 | O8: =IFS(OR(G8="-",ISBLANK(G8)),"-",G8<1,"one-hit",G8<=3,60/L7,OR(G8=4,G8=7,G8=9),"manual",G8<7,2*60/L7,G8<9,3*60/L7,G8<=11,4*60/L7,G8>11,"???") -> 0.23076923 | P8: =IFS(OR(K8="-",ISBLANK(K8)),"-",K8<1,"one-hit",K8<=3,60/L7,OR(K8=4,K8=7,K8=9),"manual",K8<7,2*60/L7,K8<9,3*60/L7,K8<=11,4*60/L7,K8>11,"???") -> manual | Q8: - | R8: - | Z8: - | AA8: -
B9: SR-635 | C9: Short Barrel | D9: 2 | E9: 4 | F9: 3 | G9: 5 | H9: 2 | I9: 5 | J9: 3 | K9: 6 | L9: 590 | M9: =L9/60 -> 9.8333333 | N9: =60/L9 -> 0.10169492 | O9: =IFS(OR(G9="-",ISBLANK(G9)),"-",G9<1,"one-hit",G9<=3,60/L9,OR(G9=4,G9=7,G9=9),"manual",G9<7,2*60/L9,G9<9,3*60/L9,G9<=11,4*60/L9,G9>11,"???") -> 0.20338983 | P9: =IFS(OR(K9="-",ISBLANK(K9)),"-",K9<1,"one-hit",K9<=3,60/L9,OR(K9=4,K9=7,K9=9),"manual",K9<7,2*60/L9,K9<9,3*60/L9,K9<=11,4*60/L9,K9>11,"???") -> 0.20338983 | Q9: - | R9: - | S9: 20 | V9: 30 | Y9: 1.47 | Z9: - | AA9: -
C10: Standard Barrel | D10: 2 | E10: 4 | F10: 2 | G10: 5 | H10: 2 | I10: 5 | J10: 3 | K10: 5 | O10: =IFS(OR(G10="-",ISBLANK(G10)),"-",G10<1,"one-hit",G10<=3,60/L9,OR(G10=4,G10=7,G10=9),"manual",G10<7,2*60/L9,G10<9,3*60/L9,G10<=11,4*60/L9,G10>11,"???") -> 0.20338983 | P10: =IFS(OR(K10="-",ISBLANK(K10)),"-",K10<1,"one-hit",K10<=3,60/L9,OR(K10=4,K10=7,K10=9),"manual",K10<7,2*60/L9,K10<9,3*60/L9,K10<=11,4*60/L9,K10>11,"???") -> 0.20338983 | Q10: - | R10: - | Z10: - | AA10: -
B11: P90 | C11: Standard Barrel | D11: 3 | E11: 6 | F11: 3 | G11: 7 | H11: 3 | I11: 7 | J11: 4 | K11: 8 | L11: 878 | M11: =L11/60 -> 14.633333 | N11: =60/L11 -> 0.06833713 | O11: =60*3/L11 -> 0.20501139 | P11: =IFS(OR(K11="-",ISBLANK(K11)),"-",K11<1,"one-hit",K11<=3,60/L11,OR(K11=4,K11=7,K11=9),"manual",K11<7,2*60/L11,K11<9,3*60/L11,K11<=11,4*60/L11,K11>11,"???") -> 0.20501139 | Q11: - | R11: - | S11: 50 | Y11: 2.27 | Z11: - | AA11: -
C12: Long Barrel | D12: 3 | E12: 5 | F12: 3 | G12: 6 | H12: 3 | I12: 6 | J12: 3 | K12: 7 | O12: =IFS(OR(G12="-",ISBLANK(G12)),"-",G12<1,"one-hit",G12<=3,60/L11,OR(G12=4,G12=7,G12=9),"manual",G12<7,2*60/L11,G12<9,3*60/L11,G12<=11,4*60/L11,G12>11,"???") -> 0.13667426 | P12: =IFS(OR(K12="-",ISBLANK(K12)),"-",K12<1,"one-hit",K12<=3,60/L11,OR(K12=4,K12=7,K12=9),"manual",K12<7,2*60/L11,K12<9,3*60/L11,K12<=11,4*60/L11,K12>11,"???") -> manual | Q12: - | R12: - | Z12: - | AA12: -
B13: PP19 | C13: Standard Barrel | D13: 3 | E13: 6 | F13: 3 | G13: 7 | H13: 3 | I13: 7 | J13: 4 | K13: 8 | L13: 685 | M13: =L13/60 -> 11.416667 | N13: =60/L13 -> 0.087591241 | O13: =60*3/L13 -> 0.26277372 | P13: =IFS(OR(K13="-",ISBLANK(K13)),"-",K13<1,"one-hit",K13<=3,60/L13,OR(K13=4,K13=7,K13=9),"manual",K13<7,2*60/L13,K13<9,3*60/L13,K13<=11,4*60/L13,K13>11,"???") -> 0.26277372 | Q13: - | R13: - | S13: 64 | Y13: 2.27 | Z13: - | AA13: -
C14: Long Barrel | D14: 3 | E14: 5 | F14: 3 | G14: 6 | H14: 3 | I14: 6 | J14: 3 | K14: 7 | O14: =IFS(OR(G14="-",ISBLANK(G14)),"-",G14<1,"one-hit",G14<=3,60/L13,OR(G14=4,G14=7,G14=9),"manual",G14<7,2*60/L13,G14<9,3*60/L13,G14<=11,4*60/L13,G14>11,"???") -> 0.17518248 | P14: =IFS(OR(K14="-",ISBLANK(K14)),"-",K14<1,"one-hit",K14<=3,60/L13,OR(K14=4,K14=7,K14=9),"manual",K14<7,2*60/L13,K14<9,3*60/L13,K14<=11,4*60/L13,K14>11,"???") -> manual | Q14: - | R14: - | Z14: - | AA14: -
B15: MP7 | C15: Standard Barrel | D15: 3 | E15: 7 | F15: 4 | G15: 9 | H15: 4 | I15: 8 | J15: 5 | K15: 10 | L15: 923 | M15: =L15/60 -> 15.383333 | N15: =60/L15 -> 0.065005417 | O15: =60*3/L15 -> 0.19501625 | P15: =IFS(OR(K15="-",ISBLANK(K15)),"-",K15<1,"one-hit",K15<=3,60/L15,OR(K15=4,K15=7,K15=9),"manual",K15<7,2*60/L15,K15<9,3*60/L15,K15<=11,4*60/L15,K15>11,"???") -> 0.26002167 | Q15: - | R15: - | S15: 20 | V15: 30 | Y15: 1.97 | Z15: - | AA15: -
C16: Long Barrel | D16: 3 | E16: 7 | F16: 4 | G16: 8 | H16: 3 | I16: 7 | J16: 4 | K16: 10 | O16: =IFS(OR(G16="-",ISBLANK(G16)),"-",G16<1,"one-hit",G16<=3,60/L15,OR(G16=4,G16=7,G16=9),"manual",G16<7,2*60/L15,G16<9,3*60/L15,G16<=11,4*60/L15,G16>11,"???") -> 0.19501625 | P16: =IFS(OR(K16="-",ISBLANK(K16)),"-",K16<1,"one-hit",K16<=3,60/L15,OR(K16=4,K16=7,K16=9),"manual",K16<7,2*60/L15,K16<9,3*60/L15,K16<=11,4*60/L15,K16>11,"???") -> 0.26002167 | Q16: - | R16: - | Z16: - | AA16: -
B17: MPX | C17: Standard Barrel | D17: 3 | E17: 6 | F17: 3 | G17: 7 | H17: 3 | I17: 7 | J17: 4 | K17: 8 | L17: 828 | M17: =L17/60 -> 13.8 | N17: =60/L17 -> 0.072463768 | O17: =60*3/L17 -> 0.2173913 | P17: =IFS(OR(K17="-",ISBLANK(K17)),"-",K17<1,"one-hit",K17<=3,60/L17,OR(K17=4,K17=7,K17=9),"manual",K17<7,2*60/L17,K17<9,3*60/L17,K17<=11,4*60/L17,K17>11,"???") -> 0.2173913 | Q17: - | R17: - | S17: 20 | V17: 30 | Y17: 1.97 | Z17: - | AA17: -
C18: Long Barrel | D18: 3 | E18: 6 | F18: 3 | G18: 7 | H18: 3 | I18: 6 | J18: 3 | K18: 7 | O18: =60*3/L17 -> 0.2173913 | P18: =IFS(OR(K18="-",ISBLANK(K18)),"-",K18<1,"one-hit",K18<=3,60/L17,OR(K18=4,K18=7,K18=9),"manual",K18<7,2*60/L17,K18<9,3*60/L17,K18<=11,4*60/L17,K18>11,"???") -> manual | Q18: - | R18: - | Z18: - | AA18: -
B19: PSG | C19: Standard Barrel | D19: 3 | E19: 6 | F19: 3 | G19: 7 | H19: 3 | I19: 6 | J19: 4 | K19: 8 | L19: 780 | M19: =L19/60 -> 13 | N19: =60/L19 -> 0.076923077 | O19: =60*3/L19 -> 0.23076923 | P19: =IFS(OR(K19="-",ISBLANK(K19)),"-",K19<1,"one-hit",K19<=3,60/L19,OR(K19=4,K19=7,K19=9),"manual",K19<7,2*60/L19,K19<9,3*60/L19,K19<=11,4*60/L19,K19>11,"???") -> 0.23076923 | Q19: - | R19: - | S19: 20 | V19: 30 | Y19: 2.27 | Z19: - | AA19: -
C20: Long Barrel | D20: 3 | E20: 5 | F20: 3 | G20: 6 | H20: 3 | I20: 6 | J20: 3 | K20: 7 | O20: =IFS(OR(G20="-",ISBLANK(G20)),"-",G20<1,"one-hit",G20<=3,60/L19,OR(G20=4,G20=7,G20=9),"manual",G20<7,2*60/L19,G20<9,3*60/L19,G20<=11,4*60/L19,G20>11,"???") -> 0.15384615 | P20: =IFS(OR(K20="-",ISBLANK(K20)),"-",K20<1,"one-hit",K20<=3,60/L19,OR(K20=4,K20=7,K20=9),"manual",K20<7,2*60/L19,K20<9,3*60/L19,K20<=11,4*60/L19,K20>11,"???") -> manual | Q20: - | R20: - | Z20: - | AA20: -
B21: 9mm C1 | C21: Standard Barrel | D21: N/A | F21: 2 | G21: 4 | H21: N/A | J21: 2 | K21: 5 | L21: 538 | M21: =L21/60 -> 8.9666667 | N21: =60/L21 -> 0.11152416 | O21: =60*2/L21 -> 0.22304833 | P21: =IFS(OR(K21="-",ISBLANK(K21)),"-",K21<1,"one-hit",K21<=3,60/L21,OR(K21=4,K21=7,K21=9),"manual",K21<7,2*60/L21,K21<9,3*60/L21,K21<=11,4*60/L21,K21>11,"???") -> 0.22304833 | Q21: - | R21: - | S21: 34 | Y21: 2.27 | Z21: - | AA21: -
C22: Long Barrel | F22: 2 | G22: 4 | J22: 2 | K22: 5 | O22: =60*2/L21 -> 0.22304833 | P22: =IFS(OR(K22="-",ISBLANK(K22)),"-",K22<1,"one-hit",K22<=3,60/L21,OR(K22=4,K22=7,K22=9),"manual",K22<7,2*60/L21,K22<9,3*60/L21,K22<=11,4*60/L21,K22>11,"???") -> 0.22304833 | Q22: - | R22: - | Z22: - | AA22: -
B23: 9x19VSN | C23: Standard Barrel | D23: 2 | E23: 5 | F23: 3 | G23: 6 | H23: 3 | I23: 6 | J23: 3 | K23: 7 | L23: 682 | M23: =L23/60 -> 11.366667 | N23: =60/L23 -> 0.08797654 | O23: =IFS(OR(G23="-",ISBLANK(G23)),"-",G23<1,"one-hit",G23<=3,60/L23,OR(G23=4,G23=7,G23=9),"manual",G23<7,2*60/L23,G23<9,3*60/L23,G23<=11,4*60/L23,G23>11,"???") -> 0.17595308 | P23: =IFS(OR(K23="-",ISBLANK(K23)),"-",K23<1,"one-hit",K23<=3,60/L23,OR(K23=4,K23=7,K23=9),"manual",K23<7,2*60/L23,K23<9,3*60/L23,K23<=11,4*60/L23,K23>11,"???") -> manual | Q23: - | R23: - | S23: 20 | V23: 30 | Y23: 2.48 | Z23: - | AA23: -
C24: Long Barrel | D24: 2 | E24: 5 | F24: 3 | G24: 6 | H24: 3 | I24: 5 | J24: 3 | K24: 7 | O24: =IFS(OR(G24="-",ISBLANK(G24)),"-",G24<1,"one-hit",G24<=3,60/L23,OR(G24=4,G24=7,G24=9),"manual",G24<7,2*60/L23,G24<9,3*60/L23,G24<=11,4*60/L23,G24>11,"???") -> 0.17595308 | P24: =IFS(OR(K24="-",ISBLANK(K24)),"-",K24<1,"one-hit",K24<=3,60/L23,OR(K24=4,K24=7,K24=9),"manual",K24<7,2*60/L23,K24<9,3*60/L23,K24<=11,4*60/L23,K24>11,"???") -> manual | Q24: - | R24: - | Z24: - | AA24: -
B25: Scorpion EVO 3 | C25: Standard Barrel | D25: 4 | E25: 8 | F25: 5 | G25: 10 | H25: 4 | I25: 10 | J25: 5 | K25: 12 | L25: 1111 | M25: =L25/60 -> 18.516667 | N25: =60/L25 -> 0.054005401 | O25: =IFS(OR(G25="-",ISBLANK(G25)),"-",G25<1,"one-hit",G25<=3,60/L25,OR(G25=4,G25=7,G25=9),"manual",G25<7,2*60/L25,G25<9,3*60/L25,G25<=11,4*60/L25,G25>11,"???") -> 0.2160216 | P25: =IFS(OR(K25="-",ISBLANK(K25)),"-",K25<1,"one-hit",K25<=3,60/L25,OR(K25=4,K25=7,K25=9),"manual",K25<7,2*60/L25,K25<9,3*60/L25,K25<=11,4*60/L25,K25>11,"???") -> ??? | Q25: - | R25: - | S25: 20 | V25: 30 | Y25: 1.58 | Z25: - | AA25: -
C26: Long Barrel | D26: 3 | E26: 7 | F26: 4 | G26: 9 | H26: 4 | I26: 9 | J26: 5 | K26: 10 | O26: =60*4/L25 -> 0.2160216 | P26: =IFS(OR(K26="-",ISBLANK(K26)),"-",K26<1,"one-hit",K26<=3,60/L25,OR(K26=4,K26=7,K26=9),"manual",K26<7,2*60/L25,K26<9,3*60/L25,K26<=11,4*60/L25,K26>11,"???") -> 0.2160216 | Q26: - | R26: - | Z26: - | AA26: -
B27: Vector .45 ACP | C27: Short Barrel | D27: 4 | E27: 8 | F27: 5 | G27: 10 | H27: 4 | I27: 9 | J27: 5 | K27: 12 | L27: 1137 | M27: =L27/60 -> 18.95 | N27: =60/L27 -> 0.052770449 | O27: =IFS(OR(G27="-",ISBLANK(G27)),"-",G27<1,"one-hit",G27<=3,60/L27,OR(G27=4,G27=7,G27=9),"manual",G27<7,2*60/L27,G27<9,3*60/L27,G27<=11,4*60/L27,G27>11,"???") -> 0.21108179 | P27: =IFS(OR(K27="-",ISBLANK(K27)),"-",K27<1,"one-hit",K27<=3,60/L27,OR(K27=4,K27=7,K27=9),"manual",K27<7,2*60/L27,K27<9,3*60/L27,K27<=11,4*60/L27,K27>11,"???") -> ??? | Q27: - | R27: - | S27: 20 | V27: 30 | Y27: 1.67 | Z27: - | AA27: -
C28: Standard Barrel | D28: 3 | E28: 7 | F28: 4 | G28: 9 | H28: 4 | I28: 8 | J28: 5 | K28: 10 | O28: =60*4/L27 -> 0.21108179 | P28: =IFS(OR(K28="-",ISBLANK(K28)),"-",K28<1,"one-hit",K28<=3,60/L27,OR(K28=4,K28=7,K28=9),"manual",K28<7,2*60/L27,K28<9,3*60/L27,K28<=11,4*60/L27,K28>11,"???") -> 0.21108179 | Q28: - | R28: - | Z28: - | AA28: -
B29: Fallen Ghosts
B30: PDR | C30: Short Barrel | D30: 3 | E30: 7 | F30: 4 | G30: 8 | H30: 4 | I30: 8 | J30: 4 | K30: 10 | L30: 730 | M30: =L30/60 -> 12.166667 | N30: =60/L30 -> 0.082191781 | O30: =IFS(OR(G30="-",ISBLANK(G30)),"-",G30<1,"one-hit",G30<=3,60/L30,OR(G30=4,G30=7,G30=9),"manual",G30<7,2*60/L30,G30<9,3*60/L30,G30<=11,4*60/L30,G30>11,"???") -> 0.24657534 | P30: =IFS(OR(K30="-",ISBLANK(K30)),"-",K30<1,"one-hit",K30<=3,60/L30,OR(K30=4,K30=7,K30=9),"manual",K30<7,2*60/L30,K30<9,3*60/L30,K30<=11,4*60/L30,K30>11,"???") -> 0.32876712 | Q30: - | R30: - | S30: 20 | V30: 30 | Y30: 1.47 | Z30: - | AA30: -
C31: Standard Barrel | D31: 3 | E31: 6 | F31: 4 | G31: 8 | H31: 3 | I31: 7 | J31: 4 | K31: 9 | O31: =IFS(OR(G31="-",ISBLANK(G31)),"-",G31<1,"one-hit",G31<=3,60/L30,OR(G31=4,G31=7,G31=9),"manual",G31<7,2*60/L30,G31<9,3*60/L30,G31<=11,4*60/L30,G31>11,"???") -> 0.24657534 | P31: =IFS(OR(K31="-",ISBLANK(K31)),"-",K31<1,"one-hit",K31<=3,60/L30,OR(K31=4,K31=7,K31=9),"manual",K31<7,2*60/L30,K31<9,3*60/L30,K31<=11,4*60/L30,K31>11,"???") -> manual | Q31: - | R31: - | Z31: - | AA31: -
B32: Unique Submachine Guns
B33: Buchon Rewards
B34: ¡UY! | H34: 2 | I34: 5 | J34: 3 | K34: 6 | Q34: - | R34: - | S34: 20 | Z34: - | AA34: -
B35: Experimento #42 | D35: N/A | H35: N/A | J35: 2 | K35: 5 | Q35: - | R35: - | S35: 34 | Z35: - | AA35: -
B36: Mendeleyev | D36: N/A | H36: N/A | J36: 4 | K36: 8 | Q36: - | R36: - | S36: 25 | Z36: - | AA36: -
B37: Residuos | H37: 3 | I37: 6 | J37: 3 | K37: 7 | Q37: - | R37: - | S37: 64 | Z37: - | AA37: -
B38: Fallen Ghosts
B39: Extranjeros PDR | H39: 2 | I39: 5 | J39: 2 | K39: 5 | Q39: - | R39: - | S39: 30 | Z39: - | AA39: -
B40: SR635 Apparition | H40: 2 | I40: 5 | J40: 3 | K40: 6 | Q40: - | R40: - | S40: 30 | Z40: - | AA40: -
B41: Ubisoft Club Rewards
B42: Scorpion EVO 3 R6 | D42: N/A | H42: N/A | J42: 4 | K42: 10 | Q42: - | R42: - | S42: 30 | Z42: - | AA42: -
B43: Other
B44: 9x19 VSN Replicant | H44: 3 | I44: 6 | J44: 3 | K44: 7 | Q44: - | R44: - | S44: 30 | Z44: - | AA44: -
B45: 9mmC1 Blaze | D45: N/A | H45: N/A | J45: 2 | K45: 5 | Q45: - | R45: - | S45: 34 | Z45: - | AA45: -
B46: Golden Vector | D46: - | E46: - | F46: - | G46: - | H46: - | I46: - | J46: - | K46: - | Q46: - | R46: - | S46: 25 | Z46: - | AA46: -
B47: MP5 Dragon’s Breath | H47: 3 | I47: 7 | J47: 4 | K47: 10 | Q47: - | R47: - | S47: 30 | Z47: - | AA47: -
B48: MP7 Cartel | H48: 4 | I48: 8 | J48: 5 | K48: 10 | Q48: - | R48: - | S48: 30 | Z48: - | AA48: -
B49: MPX Traveler | H49: 3 | I49: 7 | J49: 4 | K49: 8 | Q49: - | R49: - | S49: 30 | Z49: - | AA49: -
B50: P90 Doorkicker | H50: 3 | I50: 7 | J50: 4 | K50: 9 | Q50: - | R50: - | S50: 50 | Z50: - | AA50: -
B51: P90 Glory | D51: N/A | H51: N/A | J51: 4 | K51: 8 | Q51: - | R51: - | S51: 50 | Z51: - | AA51: -
B52: P90 Mirmillo | D52: N/A | H52: N/A | J52: 4 | K52: 8 | Q52: - | R52: - | S52: 50 | Z52: - | AA52: -
B53: PP19 Executioner | H53: 3 | I53: 7 | J53: 4 | K53: 8 | Q53: - | R53: - | S53: 64 | Z53: - | AA53: -
B54: SR-635 Jaw | H54: 2 | I54: 5 | J54: 3 | K54: 5 | Q54: - | R54: - | S54: 20 | Z54: - | AA54: -
B55: Vector .45 ACP Venom | D55: N/A | H55: N/A | J55: 5 | K55: 10 | Q55: - | R55: - | S55: 25 | Z55: - | AA55: -
B56: Vector Spectra | H56: 3 | I56: 7 | J56: 4 | K56: 9 | Q56: - | R56: - | S56: 25 | Z56: - | AA56: -

Sheet Shotguns
B2: Shotguns | D2: Shots To Kill Target | L2: Rate of Fire | O2: TTK | Q2: T1 Damage | S2: Magazine | Y2: Reload | Z2: Aim Delay | AA2: Aim Sens.
D3: Unidad Heavy Tier 1 | H3: Unidad Heavy Non-Tier
D4: Semi-Auto | F4: Full-Auto | H4: Semi-Auto | J4: Full-Auto | L4: RPM | M4: RPS | N4: Inter. | O4: T1 | P4: No Tier | Q4: Semi | R4: Full | S4: St. | U4: Ex. | W4: La. | Y4: Base | Z4: Base | AA4: Base
D5: Head | E5: Body | F5: Head | G5: Body | H5: Head | I5: Body | J5: Head | K5: Body | Y5: 1 | Z5: 1 | AA5: 1
B6: Customizable Shotguns
B7: Super Shorty | C7: Standard Barrel | D7: 1 | E7: 1 | F7: N/A | H7: 1 | I7: 1 | J7: N/A | O7: one-hit | P7: one-hit | Q7: - | R7: - | S7: 2 | Z7: - | AA7: -
C8: Long Barrel | D8: 1 | E8: 1 | H8: 1 | I8: 1 | O8: one-hit | P8: one-hit | Q8: - | R8: - | Z8: - | AA8: -
B9: SASG-12 | C9: Standard Barrel | D9: 1 | E9: 2 | F9: 1 | G9: 3 | H9: 1 | I9: 2 | J9: 1 | K9: 2 | L9: 300 | M9: =L9/60 -> 5 | N9: =60/L9 -> 0.2 | O9: =IFS(OR(G9="-",ISBLANK(G9)),"-",G9<1,"one-hit",G9<=3,60/L9,OR(G9=4,G9=7,G9=9),"manual",G9<7,2*60/L9,G9<9,3*60/L9,G9<=11,4*60/L9,G9>11,"???") -> 0.2 | P9: =IFS(OR(K9="-",ISBLANK(K9)),"-",K9<1,"one-hit",K9<=3,60/L9,OR(K9=4,K9=7,K9=9),"manual",K9<7,2*60/L9,K9<9,3*60/L9,K9<=11,4*60/L9,K9>11,"???") -> 0.2 | Q9: - | R9: - | S9: 5 | U9: 10 | W9: 30 | Z9: - | AA9: -
C10: Long Barrel | D10: 1 | E10: 2 | F10: 2 | G10: 3 | H10: 1 | I10: 2 | J10: 1 | K10: 2 | O10: =IFS(OR(G10="-",ISBLANK(G10)),"-",G10<1,"one-hit",G10<=3,60/L9,OR(G10=4,G10=7,G10=9),"manual",G10<7,2*60/L9,G10<9,3*60/L9,G10<=11,4*60/L9,G10>11,"???") -> 0.2 | P10: =IFS(OR(K10="-",ISBLANK(K10)),"-",K10<1,"one-hit",K10<=3,60/L9,OR(K10=4,K10=7,K10=9),"manual",K10<7,2*60/L9,K10<9,3*60/L9,K10<=11,4*60/L9,K10>11,"???") -> 0.2 | Q10: - | R10: - | Z10: - | AA10: -
B11: SPAS-12 | C11: Short Barrel | D11: 1 | E11: 2 | F11: N/A | H11: 1 | I11: 1 | J11: N/A | O11: =IFS(OR(G11="-",ISBLANK(G11)),"-",G11<1,"one-hit",G11<=3,60/L11,OR(G11=4,G11=7,G11=9),"manual",G11<7,2*60/L11,G11<9,3*60/L11,G11<=11,4*60/L11,G11>11,"???") -> - | P11: one-hit | Q11: - | R11: - | S11: 5 | V11: 8 | Z11: - | AA11: -
C12: Standard Barrel | D12: 1 | E12: 2 | H12: 1 | I12: 1 | O12: =IFS(OR(G12="-",ISBLANK(G12)),"-",G12<1,"one-hit",G12<=3,60/L11,OR(G12=4,G12=7,G12=9),"manual",G12<7,2*60/L11,G12<9,3*60/L11,G12<=11,4*60/L11,G12>11,"???") -> - | P12: one-hit | Q12: - | R12: - | Z12: - | AA12: -
C13: Long Barrel | D13: 1 | E13: 2 | H13: 1 | I13: 1 | O13: =IFS(OR(G13="-",ISBLANK(G13)),"-",G13<1,"one-hit",G13<=3,60/L11,OR(G13=4,G13=7,G13=9),"manual",G13<7,2*60/L11,G13<9,3*60/L11,G13<=11,4*60/L11,G13>11,"???") -> - | P13: one-hit | Q13: - | R13: - | Z13: - | AA13: -
B14: Other
B15: M4 Super 90 | C15: Standard Barrel | D15: - | E15: - | F15: N/A | H15: - | I15: - | J15: N/A | O15: =IFS(OR(G15="-",ISBLANK(G15)),"-",G15<1,"one-hit",G15<=3,60/L15,OR(G15=4,G15=7,G15=9),"manual",G15<7,2*60/L15,G15<9,3*60/L15,G15<=11,4*60/L15,G15>11,"???") -> - | P15: =IFS(OR(K15="-",ISBLANK(K15)),"-",K15<1,"one-hit",K15<=3,60/L15,OR(K15=4,K15=7,K15=9),"manual",K15<7,2*60/L15,K15<9,3*60/L15,K15<=11,4*60/L15,K15>11,"???") -> - | Q15: - | R15: - | S15: 5 | V15: 8 | Z15: - | AA15: -
C16: Long Barrel | D16: - | E16: - | H16: - | I16: - | O16: =IFS(OR(G16="-",ISBLANK(G16)),"-",G16<1,"one-hit",G16<=3,60/L15,OR(G16=4,G16=7,G16=9),"manual",G16<7,2*60/L15,G16<9,3*60/L15,G16<=11,4*60/L15,G16>11,"???") -> - | P16: =IFS(OR(K16="-",ISBLANK(K16)),"-",K16<1,"one-hit",K16<=3,60/L15,OR(K16=4,K16=7,K16=9),"manual",K16<7,2*60/L15,K16<9,3*60/L15,K16<=11,4*60/L15,K16>11,"???") -> - | Q16: - | R16: - | Z16: - | AA16: -
B17: Unique Shotguns
B18: Buchon Rewards
B19: ¡SILENCIO! | D19: 1 | E19: 2 | F19: 1 | G19: 2 | H19: 1 | I19: 2 | J19: 1 | K19: 2 | L19: - | M19: - | N19: - | O19: =IFS(OR(G19="-",ISBLANK(G19)),"-",G19<1,"one-hit",G19<=3,60/L19,OR(G19=4,G19=7,G19=9),"manual",G19<7,2*60/L19,G19<9,3*60/L19,G19<=11,4*60/L19,G19>11,"???") -> #VALUE! | P19: one-hit | Q19: - | R19: - | S19: 30 | Y19: - | Z19: - | AA19: -
B20: El Cuentista | D20: 1 | E20: 1 | F20: N/A | H20: 1 | I20: 1 | J20: N/A | L20: - | M20: - | N20: - | O20: =IFS(OR(G20="-",ISBLANK(G20)),"-",G20<1,"one-hit",G20<=3,60/L20,OR(G20=4,G20=7,G20=9),"manual",G20<7,2*60/L20,G20<9,3*60/L20,G20<=11,4*60/L20,G20>11,"???") -> - | P20: one-hit | Q20: - | R20: - | S20: 2 | Y20: - | Z20: - | AA20: -
B21: El Obsequio | D21: 1 | E21: 1 | F21: N/A | H21: 1 | I21: 1 | J21: N/A | L21: - | M21: - | N21: - | O21: =IFS(OR(G21="-",ISBLANK(G21)),"-",G21<1,"one-hit",G21<=3,60/L21,OR(G21=4,G21=7,G21=9),"manual",G21<7,2*60/L21,G21<9,3*60/L21,G21<=11,4*60/L21,G21>11,"???") -> - | P21: one-hit | Q21: - | R21: - | S21: 5 | Y21: - | Z21: - | AA21: -
B22: Other
B23: Ice Shard | D23: 1 | E23: 2 | F23: N/A | H23: 1 | I23: 1 | J23: N/A | L23: - | M23: - | N23: - | O23: =IFS(OR(G23="-",ISBLANK(G23)),"-",G23<1,"one-hit",G23<=3,60/L23,OR(G23=4,G23=7,G23=9),"manual",G23<7,2*60/L23,G23<9,3*60/L23,G23<=11,4*60/L23,G23>11,"???") -> - | P23: one-hit | Q23: - | R23: - | S23: 2 | Y23: - | Z23: - | AA23: -
B24: RevSG-12 | D24: - | E24: - | F24: - | G24: - | H24: - | I24: - | J24: - | K24: - | L24: - | M24: - | N24: - | O24: =IFS(OR(G24="-",ISBLANK(G24)),"-",G24<1,"one-hit",G24<=3,60/L24,OR(G24=4,G24=7,G24=9),"manual",G24<7,2*60/L24,G24<9,3*60/L24,G24<=11,4*60/L24,G24>11,"???") -> - | P24: one-hit | Q24: - | R24: - | S24: 6 | Y24: - | Z24: - | AA24: -
B25: SASG-12 Frontier | D25: 1 | E25: 2 | F25: 1 | G25: 2 | H25: 1 | I25: 2 | J25: 1 | K25: 2 | L25: - | M25: - | N25: - | O25: =IFS(OR(G25="-",ISBLANK(G25)),"-",G25<1,"one-hit",G25<=3,60/L25,OR(G25=4,G25=7,G25=9),"manual",G25<7,2*60/L25,G25<9,3*60/L25,G25<=11,4*60/L25,G25>11,"???") -> #VALUE! | P25: one-hit | Q25: - | R25: - | S25: 10 | Y25: - | Z25: - | AA25: -
B26: SPAS-12 Secutor | D26: 1 | E26: 1 | F26: N/A | H26: 1 | I26: 1 | J26: N/A | L26: - | M26: - | N26: - | O26: =IFS(OR(G26="-",ISBLANK(G26)),"-",G26<1,"one-hit",G26<=3,60/L26,OR(G26=4,G26=7,G26=9),"manual",G26<7,2*60/L26,G26<9,3*60/L26,G26<=11,4*60/L26,G26>11,"???") -> - | P26: one-hit | Q26: - | R26: - | S26: 5 | Y26: - | Z26: - | AA26: -
B27: SPAS 12 Skulls and Blood | D27: 1 | E27: 1 | F27: N/A | H27: 1 | I27: 1 | J27: N/A | L27: - | M27: - | N27: - | O27: =IFS(OR(G27="-",ISBLANK(G27)),"-",G27<1,"one-hit",G27<=3,60/L27,OR(G27=4,G27=7,G27=9),"manual",G27<7,2*60/L27,G27<9,3*60/L27,G27<=11,4*60/L27,G27>11,"???") -> - | P27: one-hit | Q27: - | R27: - | S27: 5 | Y27: - | Z27: - | AA27: -
B28: Super Shorty Legacy | D28: 1 | E28: 1 | F28: N/A | H28: 1 | I28: 1 | J28: N/A | L28: - | M28: - | N28: - | O28: =IFS(OR(G28="-",ISBLANK(G28)),"-",G28<1,"one-hit",G28<=3,60/L28,OR(G28=4,G28=7,G28=9),"manual",G28<7,2*60/L28,G28<9,3*60/L28,G28<=11,4*60/L28,G28>11,"???") -> - | P28: one-hit | Q28: - | R28: - | S28: 2 | Y28: - | Z28: - | AA28: -
B29: Wilderness | D29: 1 | E29: 2 | F29: N/A | H29: 1 | I29: 1 | J29: N/A | L29: - | M29: - | N29: - | O29: =IFS(OR(G29="-",ISBLANK(G29)),"-",G29<1,"one-hit",G29<=3,60/L29,OR(G29=4,G29=7,G29=9),"manual",G29<7,2*60/L29,G29<9,3*60/L29,G29<=11,4*60/L29,G29>11,"???") -> - | P29: one-hit | Q29: - | R29: - | S29: 2 | Y29: - | Z29: - | AA29: -

Sheet Sidearms
B2: Sidearms | D2: Shots To Kill Target | L2: Rate of Fire | O2: TTK | Q2: T1 Damage | S2: Magazine | Y2: Reload | Z2: Aim Delay | AA2: Aim Sens.
D3: Unidad Heavy Tier 1 | H3: Unidad Heavy Non-Tier
D4: Semi-Auto | F4: Full-Auto | H4: Semi-Auto | J4: Full-Auto | L4: RPM | M4: RPS | N4: Inter. | O4: T1 | P4: No Tier | Q4: Semi | R4: Full | S4: St. | U4: Ex. | W4: La. | Y4: Base | Z4: Base | AA4: Base
D5: Head | E5: Body | F5: Head | G5: Body | H5: Head | I5: Body | J5: Head | K5: Body | Y5: 1 | Z5: 1 | AA5: 1
B6: Customizable Sidearms
B7: Handguns
B8: P45T | D8: 5 | E8: 11 | F8: N/A | H8: 4 | I8: 8 | J8: N/A | O8: =IFS(OR(G8="-",ISBLANK(G8)),"-",G8<1,"one-hit",G8<=3,60/L8,OR(G8=4,G8=7,G8=9),"manual",G8<7,2*60/L8,G8<9,3*60/L8,G8<=11,4*60/L8,G8>11,"???") -> - | P8: =IFS(OR(K8="-",ISBLANK(K8)),"-",K8<1,"one-hit",K8<=3,60/L8,OR(K8=4,K8=7,K8=9),"manual",K8<7,2*60/L8,K8<9,3*60/L8,K8<=11,4*60/L8,K8>11,"???") -> - | Q8: - | R8: - | S8: 15 | V8: 20 | Y8: 1.32 | Z8: - | AA8: -
B9: 5.7 USG | D9: 5 | E9: 10 | F9: N/A | H9: 3 | I9: 7 | J9: N/A | O9: =IFS(OR(G9="-",ISBLANK(G9)),"-",G9<1,"one-hit",G9<=3,60/L9,OR(G9=4,G9=7,G9=9),"manual",G9<7,2*60/L9,G9<9,3*60/L9,G9<=11,4*60/L9,G9>11,"???") -> - | P9: =IFS(OR(K9="-",ISBLANK(K9)),"-",K9<1,"one-hit",K9<=3,60/L9,OR(K9=4,K9=7,K9=9),"manual",K9<7,2*60/L9,K9<9,3*60/L9,K9<=11,4*60/L9,K9>11,"???") -> - | Q9: - | R9: - | S9: 20 | V9: 30 | Y9: 1.22 | Z9: - | AA9: -
B10: M1911 | D10: 5 | E10: 11 | F10: N/A | H10: 3 | I10: 7 | J10: N/A | O10: =IFS(OR(G10="-",ISBLANK(G10)),"-",G10<1,"one-hit",G10<=3,60/L10,OR(G10=4,G10=7,G10=9),"manual",G10<7,2*60/L10,G10<9,3*60/L10,G10<=11,4*60/L10,G10>11,"???") -> - | P10: =IFS(OR(K10="-",ISBLANK(K10)),"-",K10<1,"one-hit",K10<=3,60/L10,OR(K10=4,K10=7,K10=9),"manual",K10<7,2*60/L10,K10<9,3*60/L10,K10<=11,4*60/L10,K10>11,"???") -> - | Q10: - | R10: - | S10: 8 | V10: 15 | Y10: 1.42 | Z10: - | AA10: -
B11: P12 | D11: 5 | E11: 10 | F11: N/A | H11: 3 | I11: 7 | J11: N/A | O11: =IFS(OR(G11="-",ISBLANK(G11)),"-",G11<1,"one-hit",G11<=3,60/L11,OR(G11=4,G11=7,G11=9),"manual",G11<7,2*60/L11,G11<9,3*60/L11,G11<=11,4*60/L11,G11>11,"???") -> - | P11: =IFS(OR(K11="-",ISBLANK(K11)),"-",K11<1,"one-hit",K11<=3,60/L11,OR(K11=4,K11=7,K11=9),"manual",K11<7,2*60/L11,K11<9,3*60/L11,K11<=11,4*60/L11,K11>11,"???") -> - | Q11: - | R11: - | S11: 12 | V11: 20 | Y11: 1.27 | Z11: - | AA11: -
B12: P227 | D12: 4 | E12: 10 | F12: N/A | H12: 3 | I12: 7 | J12: N/A | O12: =IFS(OR(G12="-",ISBLANK(G12)),"-",G12<1,"one-hit",G12<=3,60/L12,OR(G12=4,G12=7,G12=9),"manual",G12<7,2*60/L12,G12<9,3*60/L12,G12<=11,4*60/L12,G12>11,"???") -> - | P12: =IFS(OR(K12="-",ISBLANK(K12)),"-",K12<1,"one-hit",K12<=3,60/L12,OR(K12=4,K12=7,K12=9),"manual",K12<7,2*60/L12,K12<9,3*60/L12,K12<=11,4*60/L12,K12>11,"???") -> - | Q12: - | R12: - | S12: 10 | V12: 15 | Y12: 1.32 | Z12: - | AA12: -
B13: M9 | D13: 4 | E13: 9 | F13: N/A | H13: 3 | I13: 7 | J13: N/A | O13: =IFS(OR(G13="-",ISBLANK(G13)),"-",G13<1,"one-hit",G13<=3,60/L13,OR(G13=4,G13=7,G13=9),"manual",G13<7,2*60/L13,G13<9,3*60/L13,G13<=11,4*60/L13,G13>11,"???") -> - | P13: =IFS(OR(K13="-",ISBLANK(K13)),"-",K13<1,"one-hit",K13<=3,60/L13,OR(K13=4,K13=7,K13=9),"manual",K13<7,2*60/L13,K13<9,3*60/L13,K13<=11,4*60/L13,K13>11,"???") -> - | Q13: - | R13: - | S13: 15 | V13: 25 | Y13: 1.37 | Z13: - | AA13: -
B14: D-50 | D14: 2 | E14: 4 | F14: N/A | H14: 2 | I14: 3 | J14: N/A | O14: =IFS(OR(G14="-",ISBLANK(G14)),"-",G14<1,"one-hit",G14<=3,60/L14,OR(G14=4,G14=7,G14=9),"manual",G14<7,2*60/L14,G14<9,3*60/L14,G14<=11,4*60/L14,G14>11,"???") -> - | P14: =IFS(OR(K14="-",ISBLANK(K14)),"-",K14<1,"one-hit",K14<=3,60/L14,OR(K14=4,K14=7,K14=9),"manual",K14<7,2*60/L14,K14<9,3*60/L14,K14<=11,4*60/L14,K14>11,"???") -> - | Q14: - | R14: - | S14: 7 | Y14: 1.93 | Z14: - | AA14: -
B15: Compact Machine Guns
B16: SMG-11 | D16: N/A | F16: 8 | G16: 19 | H16: N/A | J16: 10 | K16: 21 | L16: 1160 | M16: =L16/60 -> 19.333333 | N16: =60/L16 -> 0.051724138 | O16: =IFS(OR(G16="-",ISBLANK(G16)),"-",G16<1,"one-hit",G16<=3,60/L16,OR(G16=4,G16=7,G16=9),"manual",G16<7,2*60/L16,G16<9,3*60/L16,G16<=11,4*60/L16,G16>11,"???") -> ??? | P16: =IFS(OR(K16="-",ISBLANK(K16)),"-",K16<1,"one-hit",K16<=3,60/L16,OR(K16=4,K16=7,K16=9),"manual",K16<7,2*60/L16,K16<9,3*60/L16,K16<=11,4*60/L16,K16>11,"???") -> ??? | Q16: - | R16: - | S16: 20 | Y16: 1.97 | Z16: - | AA16: -
B17: Skorpion | D17: N/A | F17: 6 | G17: 14 | H17: N/A | J17: 7 | K17: 15 | L17: 885 | M17: =L17/60 -> 14.75 | N17: =60/L17 -> 0.06779661 | O17: =IFS(OR(G17="-",ISBLANK(G17)),"-",G17<1,"one-hit",G17<=3,60/L17,OR(G17=4,G17=7,G17=9),"manual",G17<7,2*60/L17,G17<9,3*60/L17,G17<=11,4*60/L17,G17>11,"???") -> ??? | P17: =IFS(OR(K17="-",ISBLANK(K17)),"-",K17<1,"one-hit",K17<=3,60/L17,OR(K17=4,K17=7,K17=9),"manual",K17<7,2*60/L17,K17<9,3*60/L17,K17<=11,4*60/L17,K17>11,"???") -> ??? | Q17: - | R17: - | S17: 30 | Y17: 2.27 | Z17: - | AA17: -
B18: Unique Sidearms
B19: Buchon Rewards
B20: El General | D20: 4 | E20: 8 | F20: N/A | H20: 3 | I20: 6 | J20: N/A | O20: =IFS(OR(G20="-",ISBLANK(G20)),"-",G20<1,"one-hit",G20<=3,60/L20,OR(G20=4,G20=7,G20=9),"manual",G20<7,2*60/L20,G20<9,3*60/L20,G20<=11,4*60/L20,G20>11,"???") -> - | P20: =IFS(OR(K20="-",ISBLANK(K20)),"-",K20<1,"one-hit",K20<=3,60/L20,OR(K20=4,K20=7,K20=9),"manual",K20<7,2*60/L20,K20<9,3*60/L20,K20<=11,4*60/L20,K20>11,"???") -> - | Q20: - | R20: - | S20: 15 | Y20: - | Z20: - | AA20: -
B21: La Novena | D21: 1 | E21: 3 | F21: N/A | H21: 1 | I21: 3 | J21: N/A | O21: =IFS(OR(G21="-",ISBLANK(G21)),"-",G21<1,"one-hit",G21<=3,60/L21,OR(G21=4,G21=7,G21=9),"manual",G21<7,2*60/L21,G21<9,3*60/L21,G21<=11,4*60/L21,G21>11,"???") -> - | P21: =IFS(OR(K21="-",ISBLANK(K21)),"-",K21<1,"one-hit",K21<=3,60/L21,OR(K21=4,K21=7,K21=9),"manual",K21<7,2*60/L21,K21<9,3*60/L21,K21<=11,4*60/L21,K21>11,"???") -> - | Q21: - | R21: - | S21: 7 | Y21: - | Z21: - | AA21: -
B22: Lady Killer | D22: 4 | E22: 8 | F22: N/A | H22: 3 | I22: 6 | J22: N/A | O22: =IFS(OR(G22="-",ISBLANK(G22)),"-",G22<1,"one-hit",G22<=3,60/L22,OR(G22=4,G22=7,G22=9),"manual",G22<7,2*60/L22,G22<9,3*60/L22,G22<=11,4*60/L22,G22>11,"???") -> - | P22: =IFS(OR(K22="-",ISBLANK(K22)),"-",K22<1,"one-hit",K22<=3,60/L22,OR(K22=4,K22=7,K22=9),"manual",K22<7,2*60/L22,K22<9,3*60/L22,K22<=11,4*60/L22,K22>11,"???") -> - | Q22: - | R22: - | S22: 20 | Y22: - | Z22: - | AA22: -
B23: The BFF | D23: 2 | E23: 4 | F23: N/A | H23: 1 | I23: 3 | J23: N/A | O23: =IFS(OR(G23="-",ISBLANK(G23)),"-",G23<1,"one-hit",G23<=3,60/L23,OR(G23=4,G23=7,G23=9),"manual",G23<7,2*60/L23,G23<9,3*60/L23,G23<=11,4*60/L23,G23>11,"???") -> - | P23: =IFS(OR(K23="-",ISBLANK(K23)),"-",K23<1,"one-hit",K23<=3,60/L23,OR(K23=4,K23=7,K23=9),"manual",K23<7,2*60/L23,K23<9,3*60/L23,K23<=11,4*60/L23,K23>11,"???") -> - | Q23: - | R23: - | S23: 7 | Y23: - | Z23: - | AA23: -
B24: Fallen Ghosts
B25: P227 Urban | F25: N/A | H25: 3 | I25: 7 | J25: N/A | S25: 10
B26: Skorpion Skull | D26: N/A | H26: N/A | J26: 7 | K26: 15 | O26: =IFS(OR(G26="-",ISBLANK(G26)),"-",G26<1,"one-hit",G26<=3,60/L26,OR(G26=4,G26=7,G26=9),"manual",G26<7,2*60/L26,G26<9,3*60/L26,G26<=11,4*60/L26,G26>11,"???") -> - | P26: =IFS(OR(K26="-",ISBLANK(K26)),"-",K26<1,"one-hit",K26<=3,60/L26,OR(K26=4,K26=7,K26=9),"manual",K26<7,2*60/L26,K26<9,3*60/L26,K26<=11,4*60/L26,K26>11,"???") -> ??? | Q26: - | R26: - | S26: 30 | Y26: - | Z26: - | AA26: -
B27: Other
B28: Jackdaw Pistol | F28: N/A | H28: 1 | I28: 2 | J28: N/A | O28: =IFS(OR(G28="-",ISBLANK(G28)),"-",G28<1,"one-hit",G28<=3,60/L28,OR(G28=4,G28=7,G28=9),"manual",G28<7,2*60/L28,G28<9,3*60/L28,G28<=11,4*60/L28,G28>11,"???") -> - | P28: =IFS(OR(K28="-",ISBLANK(K28)),"-",K28<1,"one-hit",K28<=3,60/L28,OR(K28=4,K28=7,K28=9),"manual",K28<7,2*60/L28,K28<9,3*60/L28,K28<=11,4*60/L28,K28>11,"???") -> - | Q28: - | R28: - | S28: 1 | Y28: - | Z28: - | AA28: -
B29: Five-Seven Blacklist | F29: N/A | H29: 3 | I29: 7 | J29: N/A | O29: =IFS(OR(G29="-",ISBLANK(G29)),"-",G29<1,"one-hit",G29<=3,60/L29,OR(G29=4,G29=7,G29=9),"manual",G29<7,2*60/L29,G29<9,3*60/L29,G29<=11,4*60/L29,G29>11,"???") -> - | P29: =IFS(OR(K29="-",ISBLANK(K29)),"-",K29<1,"one-hit",K29<=3,60/L29,OR(K29=4,K29=7,K29=9),"manual",K29<7,2*60/L29,K29<9,3*60/L29,K29<=11,4*60/L29,K29>11,"???") -> - | Q29: - | R29: - | S29: 20 | Y29: - | Z29: - | AA29: -
B30: Luison | F30: N/A | H30: 3 | I30: 7 | J30: N/A | O30: =IFS(OR(G30="-",ISBLANK(G30)),"-",G30<1,"one-hit",G30<=3,60/L30,OR(G30=4,G30=7,G30=9),"manual",G30<7,2*60/L30,G30<9,3*60/L30,G30<=11,4*60/L30,G30>11,"???") -> - | P30: =IFS(OR(K30="-",ISBLANK(K30)),"-",K30<1,"one-hit",K30<=3,60/L30,OR(K30=4,K30=7,K30=9),"manual",K30<7,2*60/L30,K30<9,3*60/L30,K30<=11,4*60/L30,K30>11,"???") -> - | Q30: - | R30: - | S30: 15 | Y30: - | Z30: - | AA30: -
B31: .357 Joker | D31: 2 | E31: 4 | F31: N/A | H31: 2 | I31: 3 | J31: N/A | O31: =IFS(OR(G31="-",ISBLANK(G31)),"-",G31<1,"one-hit",G31<=3,60/L31,OR(G31=4,G31=7,G31=9),"manual",G31<7,2*60/L31,G31<9,3*60/L31,G31<=11,4*60/L31,G31>11,"???") -> - | P31: =IFS(OR(K31="-",ISBLANK(K31)),"-",K31<1,"one-hit",K31<=3,60/L31,OR(K31=4,K31=7,K31=9),"manual",K31<7,2*60/L31,K31<9,3*60/L31,K31<=11,4*60/L31,K31>11,"???") -> - | Q31: - | R31: - | S31: 6 | Y31: 1.97 | Z31: - | AA31: -
B32: 1911 MARSOC | F32: N/A | H32: - | I32: - | J32: N/A | O32: =IFS(OR(G32="-",ISBLANK(G32)),"-",G32<1,"one-hit",G32<=3,60/L32,OR(G32=4,G32=7,G32=9),"manual",G32<7,2*60/L32,G32<9,3*60/L32,G32<=11,4*60/L32,G32>11,"???") -> - | P32: =IFS(OR(K32="-",ISBLANK(K32)),"-",K32<1,"one-hit",K32<=3,60/L32,OR(K32=4,K32=7,K32=9),"manual",K32<7,2*60/L32,K32<9,3*60/L32,K32<=11,4*60/L32,K32>11,"???") -> - | Q32: - | R32: - | S32: 8 | Y32: - | Z32: - | AA32: -
B33: Luger | F33: N/A | H33: 2 | I33: 3 | J33: N/A | O33: =IFS(OR(G33="-",ISBLANK(G33)),"-",G33<1,"one-hit",G33<=3,60/L33,OR(G33=4,G33=7,G33=9),"manual",G33<7,2*60/L33,G33<9,3*60/L33,G33<=11,4*60/L33,G33>11,"???") -> - | P33: =IFS(OR(K33="-",ISBLANK(K33)),"-",K33<1,"one-hit",K33<=3,60/L33,OR(K33=4,K33=7,K33=9),"manual",K33<7,2*60/L33,K33<9,3*60/L33,K33<=11,4*60/L33,K33>11,"???") -> - | Q33: - | R33: - | S33: 7 | Y33: - | Z33: - | AA33: -
B34: M1911 Golden | F34: N/A | H34: 3 | I34: 7 | J34: N/A | O34: =IFS(OR(G34="-",ISBLANK(G34)),"-",G34<1,"one-hit",G34<=3,60/L34,OR(G34=4,G34=7,G34=9),"manual",G34<7,2*60/L34,G34<9,3*60/L34,G34<=11,4*60/L34,G34>11,"???") -> - | P34: =IFS(OR(K34="-",ISBLANK(K34)),"-",K34<1,"one-hit",K34<=3,60/L34,OR(K34=4,K34=7,K34=9),"manual",K34<7,2*60/L34,K34<9,3*60/L34,K34<=11,4*60/L34,K34>11,"???") -> - | Q34: - | R34: - | S34: 8 | Y34: - | Z34: - | AA34: -
B35: Peacemaker | D35: 2 | E35: 5 | F35: N/A | H35: 2 | I35: 3 | J35: N/A | O35: =IFS(OR(G35="-",ISBLANK(G35)),"-",G35<1,"one-hit",G35<=3,60/L35,OR(G35=4,G35=7,G35=9),"manual",G35<7,2*60/L35,G35<9,3*60/L35,G35<=11,4*60/L35,G35>11,"???") -> - | P35: =IFS(OR(K35="-",ISBLANK(K35)),"-",K35<1,"one-hit",K35<=3,60/L35,OR(K35=4,K35=7,K35=9),"manual",K35<7,2*60/L35,K35<9,3*60/L35,K35<=11,4*60/L35,K35>11,"???") -> - | Q35: - | R35: - | S35: 6 | Y35: 1.97 | Z35: - | AA35: -
B36: Santa Blanca Skorpion | D36: N/A | F36: - | G36: - | H36: N/A | J36: - | K36: - | S36: 30
B37: SMG-11 Dragon | D37: N/A | H37: N/A | J37: 10 | K37: 21 | S37: 20
B38: US Desert | F38: N/A | H38: - | I38: - | J38: N/A | O38: =IFS(OR(G38="-",ISBLANK(G38)),"-",G38<1,"one-hit",G38<=3,60/L38,OR(G38=4,G38=7,G38=9),"manual",G38<7,2*60/L38,G38<9,3*60/L38,G38<=11,4*60/L38,G38>11,"???") -> - | P38: =IFS(OR(K38="-",ISBLANK(K38)),"-",K38<1,"one-hit",K38<=3,60/L38,OR(K38=4,K38=7,K38=9),"manual",K38<7,2*60/L38,K38<9,3*60/L38,K38<=11,4*60/L38,K38>11,"???") -> - | Q38: - | R38: - | S38: 7 | Y38: - | Z38: - | AA38: -
B39: Whisper | F39: N/A | H39: 7 | I39: 17 | J39: N/A | O39: =IFS(OR(G39="-",ISBLANK(G39)),"-",G39<1,"one-hit",G39<=3,60/L39,OR(G39=4,G39=7,G39=9),"manual",G39<7,2*60/L39,G39<9,3*60/L39,G39<=11,4*60/L39,G39>11,"???") -> - | P39: =IFS(OR(K39="-",ISBLANK(K39)),"-",K39<1,"one-hit",K39<=3,60/L39,OR(K39=4,K39=7,K39=9),"manual",K39<7,2*60/L39,K39<9,3*60/L39,K39<=11,4*60/L39,K39>11,"???") -> - | Q39: - | R39: - | S39: 15 | Y39: - | Z39: - | AA39: -

Sheet Shot to kill vs UniHeavy
A1: Semi/full auto | B1: SH | C1: SB | D1: MH | E1: MB | F1: LH | G1: LB | H1: RPM | I1: Mag sizes | M1: TTK Short | N1: TTK Standard | O1: TTK Long | Q1: Heavies | R1: 1000hp | T1: SB Regulars | U1: 760hp
A2: Bodypart: | B2: Head | C2: Body | D2: Head | E2: Body | F2: Head | G2: Body | Q2: 1000+ | S2: 1 | T2: 760+ | V2: 1
A3: Barrel: | B3: Short | D3: Standard | F3: Long | Q3: =CEILING(1000/S3,1) -> 500 | R3: =CEILING(1000/(S3-1)-1,1) -> 999 | S3: 2 | T3: =CEILING(760/V3,1) -> 380 | U3: =CEILING(760/(V3-1)-1,1) -> 759 | V3: 2
A4: Sniper Rifles | Q4: =CEILING(1000/S4,1) -> 334 | R4: =CEILING(1000/(S4-1)-1,1) -> 499 | S4: 3 | T4: =CEILING(760/V4,1) -> 254 | U4: =CEILING(760/(V4-1)-1,1) -> 379 | V4: 3
A5: M40A5 | B5: ='RAW Shot to kill'!X5 -> 1 | C5: ='RAW Shot to kill'!Y5 -> 2 | D5: ='RAW Shot to kill'!X4 -> 1 | E5: ='RAW Shot to kill'!Y4 -> 2 | F5: ='RAW Shot to kill'!X3 -> 1 | G5: ='RAW Shot to kill'!Y3 -> 2 | H5: 29.3 (2.05s) | I5: 10/20 | J5: 4.35 | K5: 5 | M5: 2.05s | N5: 2.05s | O5: 2.05s | Q5: =CEILING(1000/S5,1) -> 250 | R5: =CEILING(1000/(S5-1)-1,1) -> 333 | S5: 4 | T5: =CEILING(760/V5,1) -> 190 | U5: =CEILING(760/(V5-1)-1,1) -> 253 | V5: 4
A6: M1891 | D6: ='RAW Shot to kill'!X7 -> 1 | E6: ='RAW Shot to kill'!Y7 -> 2 | F6: ='RAW Shot to kill'!X6 -> 1 | G6: ='RAW Shot to kill'!Y6 -> 2 | H6: 28.8 (2.08s) | I6: 10/20 | J6: 4 | K6: 4.62 | N6: 2.08s | O6: 2.08s | Q6: =CEILING(1000/S6,1) -> 200 | R6: =CEILING(1000/(S6-1)-1,1) -> 249 | S6: 5 | T6: =CEILING(760/V6,1) -> 152 | U6: =CEILING(760/(V6-1)-1,1) -> 189 | V6: 5
A7: SRSA1 | D7: ='RAW Shot to kill'!X9 -> 1 | E7: ='RAW Shot to kill'!Y9 -> 2 | F7: ='RAW Shot to kill'!X8 -> 1 | G7: ='RAW Shot to kill'!Y8 -> 2 | H7: 27.9 (2.15s) | I7: 43378 | J7: 4 | K7: 4.62 | N7: 2.15 | O7: 2.15 | Q7: =CEILING(1000/S7,1) -> 167 | R7: =CEILING(1000/(S7-1)-1,1) -> 199 | S7: 6 | T7: =CEILING(760/V7,1) -> 127 | U7: =CEILING(760/(V7-1)-1,1) -> 151 | V7: 6
A8: SR1 | D8: ='RAW Shot to kill'!X11 -> 1 | E8: ='RAW Shot to kill'!Y11 -> 2 | F8: ='RAW Shot to kill'!X10 -> 1 | G8: ='RAW Shot to kill'!Y10 -> 2 | H8: 27.1 (2.22s) | I8: 43378 | J8: 3.95 | K8: 4.55 | N8: 2.22 | O8: 2.22 | Q8: =CEILING(1000/S8,1) -> 143 | R8: =CEILING(1000/(S8-1)-1,1) -> 166 | S8: 7 | T8: =CEILING(760/V8,1) -> 109 | U8: =CEILING(760/(V8-1)-1,1) -> 126 | V8: 7
A9: L115A3 | D9: ='RAW Shot to kill'!X13 -> 1 | E9: ='RAW Shot to kill'!Y13 -> 2 | F9: ='RAW Shot to kill'!X12 -> 1 | G9: ='RAW Shot to kill'!Y12 -> 2 | H9: 27.9 (2.15s) | I9: 43378 | J9: 4.35 | K9: 5 | N9: 2.15 | O9: 2.15 | Q9: =CEILING(1000/S9,1) -> 125 | R9: =CEILING(1000/(S9-1)-1,1) -> 142 | S9: 8 | T9: =CEILING(760/V9,1) -> 95 | U9: =CEILING(760/(V9-1)-1,1) -> 108 | V9: 8
A10: MSR | B10: ='RAW Shot to kill'!X16 -> 1 | C10: ='RAW Shot to kill'!Y16 -> 2 | D10: ='RAW Shot to kill'!X15 -> 1 | E10: ='RAW Shot to kill'!Y15 -> 2 | F10: ='RAW Shot to kill'!X14 -> 1 | G10: ='RAW Shot to kill'!Y14 -> 1 | H10: 26.1 (2.3s) | I10: 43378 | J10: 4.35 | K10: 5 | M10: 2.3 | N10: 2.3 | O10: one-hit | Q10: =CEILING(1000/S10,1) -> 112 | R10: =CEILING(1000/(S10-1)-1,1) -> 124 | S10: 9 | T10: =CEILING(760/V10,1) -> 85 | U10: =CEILING(760/(V10-1)-1,1) -> 94 | V10: 9
A11: HTI | D11: ='RAW Shot to kill'!X18 -> 1 | E11: ='RAW Shot to kill'!Y18 -> 1 | F11: ='RAW Shot to kill'!X17 -> 1 | G11: ='RAW Shot to kill'!Y17 -> 1 | H11: 25.5 (2.35s) | I11: 5 | J11: 3.95 | N11: one-hit | O11: one-hit | Q11: =CEILING(1000/S11,1) -> 100 | R11: =CEILING(1000/(S11-1)-1,1) -> 111 | S11: 10 | T11: =CEILING(760/V11,1) -> 76 | U11: =CEILING(760/(V11-1)-1,1) -> 84 | V11: 10
A12: BFG | D12: ='RAW Shot to kill'!X20 -> 1 | E12: ='RAW Shot to kill'!Y20 -> 1 | F12: ='RAW Shot to kill'!X19 -> 1 | G12: ='RAW Shot to kill'!Y19 -> 1 | I12: 5 | J12: 3.95 | N12: one-hit | O12: one-hit | Q12: =CEILING(1000/S12,1) -> 91 | R12: =CEILING(1000/(S12-1)-1,1) -> 99 | S12: 11 | T12: =CEILING(760/V12,1) -> 70 | U12: =CEILING(760/(V12-1)-1,1) -> 75 | V12: 11
A13: Stampede | D13: ='RAW Shot to kill'!X21 -> 1 | E13: ='RAW Shot to kill'!Y21 -> 2 | H13: 42.4 (1.42s) | I13: 15 | J13: =1.5+1.42 -> 2.92 | K13: =13.87+1.42 -> 15.29 | N13: 1.42 | Q13: =CEILING(1000/S13,1) -> 84 | R13: =CEILING(1000/(S13-1)-1,1) -> 90 | S13: 12 | T13: =CEILING(760/V13,1) -> 64 | U13: =CEILING(760/(V13-1)-1,1) -> 69 | V13: 12
A14: Crossbow | D14: ='RAW Shot to kill'!X22 -> 1 | E14: ='RAW Shot to kill'!Y22 -> 1 | H14: 40 (1.5s) | I14: N/A | N14: one-hit | Q14: =CEILING(1000/S14,1) -> 77 | R14: =CEILING(1000/(S14-1)-1,1) -> 83 | S14: 13 | T14: =CEILING(760/V14,1) -> 59 | U14: =CEILING(760/(V14-1)-1,1) -> 63 | V14: 13
Q15: =CEILING(1000/S15,1) -> 72 | R15: =CEILING(1000/(S15-1)-1,1) -> 76 | S15: 14 | T15: =CEILING(760/V15,1) -> 55 | U15: =CEILING(760/(V15-1)-1,1) -> 58 | V15: 14
A16: Semi-Snipers | Q16: =CEILING(1000/S16,1) -> 67 | R16: =CEILING(1000/(S16-1)-1,1) -> 71 | S16: 15 | T16: =CEILING(760/V16,1) -> 51 | U16: =CEILING(760/(V16-1)-1,1) -> 54 | V16: 15
A17: SR25 | B17: 2 | C17: 4 | D17: 2 | E17: 4 | I17: 10/20 | J17: 1.97 | K17: 2.27 | Q17: =CEILING(1000/S17,1) -> 63 | R17: =CEILING(1000/(S17-1)-1,1) -> 66 | S17: 16 | T17: =CEILING(760/V17,1) -> 48 | U17: =CEILING(760/(V17-1)-1,1) -> 50 | V17: 16
A18: Dragunov | B18: 2 | C18: 5 | D18: 2 | E18: 4 | I18: 10/20 | J18: 2.55 | K18: 2.93 | Q18: =CEILING(1000/S18,1) -> 59 | R18: =CEILING(1000/(S18-1)-1,1) -> 62 | S18: 17 | T18: =CEILING(760/V18,1) -> 45 | U18: =CEILING(760/(V18-1)-1,1) -> 47 | V18: 17
A19: Mk14 | D19: 43193 | E19: 43350 | F19: 43193 | G19: 43350 | H19: 705 | I19: 10/20 | J19: 2.45 | K19: 2.83 | N19: 0.34 | O19: 0.255 | Q19: =CEILING(1000/S19,1) -> 56 | R19: =CEILING(1000/(S19-1)-1,1) -> 58 | S19: 18 | T19: =CEILING(760/V19,1) -> 43 | U19: =CEILING(760/(V19-1)-1,1) -> 44 | V19: 18
A20: G28 | D20: 4 | E20: 10 | F20: 4 | G20: 9 | I20: 10/20 | J20: 1.97 | K20: 2.27 | Q20: =CEILING(1000/S20,1) -> 53 | R20: =CEILING(1000/(S20-1)-1,1) -> 55 | S20: 19 | T20: =CEILING(760/V20,1) -> 40 | U20: =CEILING(760/(V20-1)-1,1) -> 42 | V20: 19
A21: PSG-1 | D21: 4 | E21: 10 | F21: 4 | G21: 9 | I21: 10/20 | J21: 1.97 | K21: 2.27 | Q21: =CEILING(1000/S21,1) -> 50 | R21: =CEILING(1000/(S21-1)-1,1) -> 52 | S21: 20 | T21: =CEILING(760/V21,1) -> 38 | U21: =CEILING(760/(V21-1)-1,1) -> 39 | V21: 20
A22: Assault Rifles
A23: P416 | B23: 43193 | C23: 43350 | D23: 43193 | E23: 43318 | H23: 735 | I23: 20/30/50 | J23: 1.97 | K23: 2.27 | L23: 2.55 | M23: 0.245 | N23: 0.245
A24: LVOA-C Bad N. | D24: 43161 | E24: 43256 | H24: 828 | I24: 30 | J24: 2.27 | N24: 0.145 | R24: 1 | S24: 1
A25: SR3M | D25: 43162 | E25: 43319 | F25: 43162 | G25: 43287 | H25: 877 | I25: 20/30 | J25: 2.27 | K25: 2.6 | N25: 0.205 | O25: 0.205 | R25: 2 | S25: 2
A26: AK-12 | D26: 43162 | E26: 43286 | F26: 43161 | G26: 43256 | H26: 844 | I26: 20/30/50 | J26: 1.97 | K26: 2.27 | L26: 2.55 | N26: 0.213 | O26: 0.142 | R26: 3 | S26: 2
A27: AUG A3 | D27: 43162 | E27: 43256 | F27: 43161 | G27: 43256 | H27: 682 | I27: 20/30 | J27: 1.97 | K27: 2.27 | N27: 0.176 | O27: 0.176 | R27: 4 | S27: 43161
A28: 556xi | B28: 43193 | C28: 43319 | D28: 43162 | E28: 43287 | F28: 43162 | G28: 43287 | H28: 732 | I28: 20/30/50 | J28: 2.27 | K28: 2.6 | L28: 2.93 | M28: 0.246 | N28: 0.246 | O28: 0.246 | R28: 5 | S28: 3
A29: R4 | D29: 43162 | E29: 43286 | F29: 43161 | G29: 43256 | H29: 691 | I29: 20/30 | J29: 1.97 | K29: 2.27 | N29: 0.26 | O29: 0.174 | R29: 6 | S29: 3
A30: 805 Bren A2 | B30: 43162 | C30: 43287 | D30: 43162 | E30: 43256 | F30: 43161 | G30: 43256 | H30: 732 | I30: 20/30/50 | J30: 1.97 | K30: 2.27 | L30: 2.55 | M30: 0.246 | N30: 0.164 | O30: 0.164 | R30: 7 | S30: 43193
A31: G2 | B31: 43193 | C31: 43350 | D31: 43193 | E31: 43318 | H31: 970 | I31: 20/30/50 | J31: 1.97 | K31: 2.27 | L31: 2.55 | M31: 0.186 | N31: 0.186 | R31: 8 | S31: 4
A32: L85A2 | B32: 43162 | C32: 43287 | D32: 43161 | E32: 43256 | H32: 695 | I32: 20/30/50 | J32: 2.27 | K32: 2.6 | L32: 2.93 | M32: 0.259 | N32: 0.173 | R32: 9 | S32: 43224
A33: R5 (FA) | D33: 3 | E33: 6 | F33: 3 | G33: 5 | H33: 620 | I33: 20/30/50 | J33: 2.18 | K33: 2.52 | L33: 2.85 | N33: 0.194 | O33: 0.194 | R33: 10 | S33: 5
A34: AK-47 | B34: 43162 | C34: 43286 | D34: 43161 | E34: 43256 | F34: 43161 | G34: 43256 | H34: 588 | I34: 20/30/50 | J34: 2.27 | K34: 2.6 | L34: 2.93 | M34: 0.306 | N34: 0.204 | O34: 0.204 | R34: 11 | S34: 5
A35: M4A1 | D35: 43162 | E35: 43287 | F35: 43162 | G35: 43256 | H35: 882 | I35: 20/30/50 | J35: 1.97 | K35: 2.27 | L35: 2.55 | N35: 0.204 | O35: 0.136 | R35: 12
A36: Mk17 | B36: 43161 | C36: 43256 | D36: 43161 | E36: 43224 | F36: 43161 | G36: 43224 | H36: 610 | I36: 20/30 | J36: 2.95 | K36: 3.4 | M36: 0.197 | N36: 0.197 | O36: 0.197 | R36: 13
A37: ACR | B37: 43193 | C37: 43319 | D37: 43162 | E37: 43287 | F37: 43162 | G37: 43286 | H37: 780 | I37: 20/30/50 | J37: 1.97 | K37: 2.27 | L37: 2.55 | M37: 0.231 | N37: 0.231 | O37: 0.154 | R37: 14
A38: TAR-21 | D38: 43162 | E38: 43287 | F38: 43162 | G38: 43286 | H38: 832 | I38: 20/30/50 | J38: 1.97 | K38: 2.27 | L38: 2.55 | N38: 0.216 | O38: 0.144 | R38: 15
A39: G36 | D39: 43162 | E39: 43287 | F39: 43162 | G39: 43256 | H39: 735 | I39: 20/30 | J39: 1.98 | K39: 2.28 | N39: 0.245 | O39: 0.163 | R39: 16
A40: MDR | D40: 43162 | E40: 43287 | F40: 43162 | G40: 43286 | H40: 828 | I40: 20/30/50 | J40: 1.97 | K40: 2.27 | L40: 2.55 | N40: 0.217 | O40: 0.145 | R40: 17
A41: M16 | D41: 43162 | E41: 43287 | H41: 686 | I41: 20/30/50 | J41: 1.97 | K41: 2.27 | L41: 2.55 | N41: 0.262 | R41: 18
A42: Light Machine Guns | R42: 19
A43: MG121 (FA) | B43: 5 | C43: 11 | D43: 5 | E43: 10 | H43: 702 | I43: 90 | J43: 4.95 | M43: 0.342 | N43: 0.342 | R43: 20
A44: Stoner (FA) | D44: 4 | E44: 8 | F44: 3 | G44: 7 | H44: 698 | I44: 100 | J44: 4.95 | N44: 0.258 | O44: 0.258 | R44: 21
A45: MK48 (FA) | D45: 4 | E45: 8 | F45: 3 | G45: 7 | H45: 698 | I45: 100/200 | N45: 0.258 | O45: 0.258 | R45: 22
A46: Type85 (FA) | B46: 4 | C46: 9 | D46: 4 | E46: 8 | H46: 636 | I46: 75 | M46: 0.283 | N46: 0.283 | R46: 23
A47: 6P41 (FA) | D47: 3 | E47: 6 | F47: 3 | G47: 6 | H47: 590 | I47: 175 | N47: 0.203 | O47: 0.203 | R47: 24
A48: Mk249 (FA) | D48: 5 | E48: 10 | F48: 4 | G48: 10 | H48: 891 | I48: 150 | N48: 0.269 | O48: 0.269 | R48: 25
R49: 26
A50: Sub Machine Guns | R50: 27
A51: MP5 | D51: 43193 | E51: 43319 | F51: 43193 | G51: 43318 | H51: 780 | I51: 20/30 | J51: 1.72 | N51: 0.231 | O51: 0.231 | R51: 28
A52: SR-635 | B52: 43161 | C52: 43224 | D52: 43133 | E52: 43224 | H52: 590 | I52: 20/30 | J52: 1.47 | M52: 0.203 | N52: 0.203
A53: P90 | D53: 43162 | E53: 43287 | F53: 43162 | G53: 43256 | H53: 878 | I53: 50 | J53: 2.27 | N53: 0.205 | O53: 0.137
A54: PP19 | D54: 43162 | E54: 43287 | F54: 43162 | G54: 43256 | H54: 685 | I54: 64 | J54: 2.27 | N54: 0.263 | O54: 0.175
A55: PDR | D55: 43193 | E55: 43319 | F55: 43193 | G55: 43318 | H55: 730 | I55: 20/30 | J55: 1.47 | N55: 0.247 | O55: 0.247
A56: Mp7 | D56: 43193 | E56: 43350 | F56: 43193 | G56: 43319 | H56: 923 | I56: 20/30 | J56: 1.97 | N56: 0.26 | O56: 0.26
A57: MPX | D57: 43162 | E57: 43287 | F57: 43162 | G57: 43287 | H57: 828 | I57: 20/30 | J57: 1.97 | N57: 0.217 | O57: 0.217
A58: PSG | D58: 43162 | E58: 43287 | F58: 43162 | G58: 43256 | H58: 780 | I58: 20/30 | J58: 2.27 | N58: 0.231 | O58: 0.154
A59: 9mm C1 (FA) | D59: 2 | E59: 4 | F59: 2 | G59: 4 | H59: 538 | I59: 34 | J59: 2.27 | N59: 0.223 | O59: 0.223
A60: 9x19 VSN | D60: 43161 | E60: 43256 | F60: 43161 | G60: 43256 | H60: 682 | I60: 20/30 | J60: 2.48 | N60: 0.176 | O60: 0.176
A61: Scorpion Evo 3 | D61: 43224 | E61: 43381 | F61: 43193 | G61: 43350 | H61: 1111 | I61: 20/30 | J61: 1.58 | N61: 0.216 | O61: 0.162??
A62: Vector .45 ACP | B62: 43224 | C62: 43381 | D62: 43193 | E62: 43350 | H62: 1137 | I62: 15/25 | J62: 1.67 | M62: 0.211 | N62: 0.158??
A64: Shotguns
A65: Super Shorty | D65: 1 | E65: 1 | F65: 1 | G65: 1 | I65: 2
A66: SASG-12 | D66: 1 | E66: 43161 | F66: 1 | G66: 43161 | H66: 300 | I66: 11236 | N66: 0.4 | O66: 0.4
A67: SPAS | B67: 1 | C67: 2 | D67: 1 | E67: 2 | F67: 1 | G67: 2 | I67: 43317
A68: Wilderness | D68: 1 | E68: 2 | I68: 2
A69: Ice-shard | D69: 1 | E69: 2 | I69: 5
A70: Secondaries
A71: P45T | D71: 5 | E71: 11 | I71: 15/20 | J71: 1.32
A72: 5.7 USG | D72: 5 | E72: 10 | I72: 20/30 | J72: 1.22
A73: M1911 | D73: 5 | E73: 11 | I73: 8/15 | J73: 1.42
A74: P12 | D74: 5 | E74: 10 | I74: 12/20 | J74: 1.27
A75: P227 | D75: 4 | E75: 10 | I75: 10/15 | J75: 1.32
A76: D50 | D76: 2 | E76: 4 | I76: 7 | J76: 1.93
A77: Peacemaker | D77: 2 | E77: 5 | I77: 6 | J77: 1.97
A78: .357 Joker | D78: 2 | E78: 4 | I78: 6 | J78: 1.97
A79: BFF | D79: 2 | E79: 4 | I79: 7
A80: SMG-11 (FA) | D80: 8 | E80: 19 | H80: 1160 | I80: 20 | J80: 1.97
A81: Scorpion (FA) | D81: 6 | E81: 14 | H81: 885 | I81: 30 | J81: 2.27

Sheet WIP Damage chart
A1: Semi/full auto | B1: Short Barrel | C1: Standard Barrel | D1: Long Barrel | E1: RPM | F1: DPS Short | G1: DPS Standard | H1: DPS Long | J1: Heavies | K1: 1000hp | M1: SB Regulars | N1: 760hp
A2: Sniper Rifles | J2: 1000+ | L2: 1 | M2: 760+ | O2: 1
A3: M40A5 | B3: 520 | C3: 570 | D3: 620 | E3: 29.3 (2.05s) | F3: =B3/2.05 -> 253.65854 | G3: =C3/2.05 -> 278.04878 | H3: =D3/2.05 -> 302.43902 | J3: =CEILING(1000/L3,1) -> 500 | K3: =CEILING(1000/(L3-1)-1,1) -> 999 | L3: 2 | M3: =CEILING(760/O3,1) -> 380 | N3: =CEILING(760/(O3-1)-1,1) -> 759 | O3: 2
A4: M1891 | C4: 640 | D4: 700 | E4: 28.8 (2.08s) | G4: =C4/2.08 -> 307.69231 | H4: =D4/2.08 -> 336.53846 | J4: =CEILING(1000/L4,1) -> 334 | K4: =CEILING(1000/(L4-1)-1,1) -> 499 | L4: 3 | M4: =CEILING(760/O4,1) -> 254 | N4: =CEILING(760/(O4-1)-1,1) -> 379 | O4: 3
A5: SRSA1 | C5: 820 | D5: 900 | E5: 27.9 (2.15s) | G5: =C5/2.15 -> 381.39535 | H5: =D5/2.15 -> 418.60465 | J5: =CEILING(1000/L5,1) -> 250 | K5: =CEILING(1000/(L5-1)-1,1) -> 333 | L5: 4 | M5: =CEILING(760/O5,1) -> 190 | N5: =CEILING(760/(O5-1)-1,1) -> 253 | O5: 4
A6: SR1 | C6: 900 | D6: 960 | E6: 27.1 (2.22s) | G6: =C6/2.22 -> 405.40541 | H6: =D6/2.22 -> 432.43243 | J6: =CEILING(1000/L6,1) -> 200 | K6: =CEILING(1000/(L6-1)-1,1) -> 249 | L6: 5 | M6: =CEILING(760/O6,1) -> 152 | N6: =CEILING(760/(O6-1)-1,1) -> 189 | O6: 5
A7: L115A3 | C7: 700 | D7: 750 | E7: 27.9 (2.15s) | G7: =C7/2.15 -> 325.5814 | H7: =D7/2.15 -> 348.83721 | J7: =CEILING(1000/L7,1) -> 167 | K7: =CEILING(1000/(L7-1)-1,1) -> 199 | L7: 6 | M7: =CEILING(760/O7,1) -> 127 | N7: =CEILING(760/(O7-1)-1,1) -> 151 | O7: 6
A8: MSR | B8: 900 | C8: 960 | D8: 1060 | E8: 26.1 (2.3s) | F8: =B8/2.3 -> 391.30435 | G8: =C8/2.3 -> 417.3913 | H8: =D8/2.3 -> 460.86957 | J8: =CEILING(1000/L8,1) -> 143 | K8: =CEILING(1000/(L8-1)-1,1) -> 166 | L8: 7 | M8: =CEILING(760/O8,1) -> 109 | N8: =CEILING(760/(O8-1)-1,1) -> 126 | O8: 7
A9: HTI | C9: 2300 | D9: 2500 | E9: 25.5 (2.35s) | G9: =C9/2.35 -> 978.7234 | H9: =D9/2.35 -> 1063.8298 | J9: =CEILING(1000/L9,1) -> 125 | K9: =CEILING(1000/(L9-1)-1,1) -> 142 | L9: 8 | M9: =CEILING(760/O9,1) -> 95 | N9: =CEILING(760/(O9-1)-1,1) -> 108 | O9: 8
A10: BFG | C10: 2200? | D10: 2400? | J10: =CEILING(1000/L10,1) -> 112 | K10: =CEILING(1000/(L10-1)-1,1) -> 124 | L10: 9 | M10: =CEILING(760/O10,1) -> 85 | N10: =CEILING(760/(O10-1)-1,1) -> 94 | O10: 9
A11: Stampede | C11: 640? | E11: 42.4 (1.42s) | G11: 450? | J11: =CEILING(1000/L11,1) -> 100 | K11: =CEILING(1000/(L11-1)-1,1) -> 111 | L11: 10 | M11: =CEILING(760/O11,1) -> 76 | N11: =CEILING(760/(O11-1)-1,1) -> 84 | O11: 10
A12: Crossbow | C12: 1000+ | E12: 40 (1.5s) | G12: 667+ | J12: =CEILING(1000/L12,1) -> 91 | K12: =CEILING(1000/(L12-1)-1,1) -> 99 | L12: 11 | M12: =CEILING(760/O12,1) -> 70 | N12: =CEILING(760/(O12-1)-1,1) -> 75 | O12: 11
J13: =CEILING(1000/L13,1) -> 84 | K13: =CEILING(1000/(L13-1)-1,1) -> 90 | L13: 12 | M13: =CEILING(760/O13,1) -> 64 | N13: =CEILING(760/(O13-1)-1,1) -> 69 | O13: 12
A14: Semi-Snipers | J14: =CEILING(1000/L14,1) -> 77 | K14: =CEILING(1000/(L14-1)-1,1) -> 83 | L14: 13 | M14: =CEILING(760/O14,1) -> 59 | N14: =CEILING(760/(O14-1)-1,1) -> 63 | O14: 13
A15: SR25 | B15: 300 | C15: 320 | J15: =CEILING(1000/L15,1) -> 72 | K15: =CEILING(1000/(L15-1)-1,1) -> 76 | L15: 14 | M15: =CEILING(760/O15,1) -> 55 | N15: =CEILING(760/(O15-1)-1,1) -> 58 | O15: 14
A16: Dragunov | B16: 240 | C16: 260 | J16: =CEILING(1000/L16,1) -> 67 | K16: =CEILING(1000/(L16-1)-1,1) -> 71 | L16: 15 | M16: =CEILING(760/O16,1) -> 51 | N16: =CEILING(760/(O16-1)-1,1) -> 54 | O16: 15
A17: Mk14 | C17: 145/115 | D17: 155/120 | E17: 705 | G17: =VALUE(RIGHT(C17,3))*E17/60 -> 1351.25 | H17: =VALUE(RIGHT(D17,3))*E17/60 -> 1410 | J17: =CEILING(1000/L17,1) -> 63 | K17: =CEILING(1000/(L17-1)-1,1) -> 66 | L17: 16 | M17: =CEILING(760/O17,1) -> 48 | N17: =CEILING(760/(O17-1)-1,1) -> 50 | O17: 16
A18: G28 | C18: 110 | D18: 120 | J18: =CEILING(1000/L18,1) -> 59 | K18: =CEILING(1000/(L18-1)-1,1) -> 62 | L18: 17 | M18: =CEILING(760/O18,1) -> 45 | N18: =CEILING(760/(O18-1)-1,1) -> 47 | O18: 17
A19: PSG-1 | C19: 110 | D19: 120 | J19: =CEILING(1000/L19,1) -> 56 | K19: =CEILING(1000/(L19-1)-1,1) -> 58 | L19: 18 | M19: =CEILING(760/O19,1) -> 43 | N19: =CEILING(760/(O19-1)-1,1) -> 44 | O19: 18
A20: Assault Rifles | J20: =CEILING(1000/L20,1) -> 53 | K20: =CEILING(1000/(L20-1)-1,1) -> 55 | L20: 19 | M20: =CEILING(760/O20,1) -> 40 | N20: =CEILING(760/(O20-1)-1,1) -> 42 | O20: 19
A21: P416 | B21: 155/120 | C21: 175/135 | E21: 735 | F21: =VALUE(RIGHT(B21,3))*E21/60 -> 1470 | G21: =VALUE(RIGHT(C21,3))*E21/60 -> 1653.75 | J21: =CEILING(1000/L21,1) -> 50 | K21: =CEILING(1000/(L21-1)-1,1) -> 52 | L21: 20 | M21: =CEILING(760/O21,1) -> 38 | N21: =CEILING(760/(O21-1)-1,1) -> 39 | O21: 20
A22: LVOA-C Bad N. | C22: 235/185 | E22: 828 | G22: =VALUE(RIGHT(C22,3))*E22/60 -> 2553
A23: SR3M | C23: 165/130 | D23: 185/145 | E23: 877 | G23: =VALUE(RIGHT(C23,3))*E23/60 -> 1900.1667 | H23: =VALUE(RIGHT(D23,3))*E23/60 -> 2119.4167
A24: AK-12 | C24: 205/165 | D24: 220/180 | E24: 844 | G24: =VALUE(RIGHT(C24,3))*E24/60 -> 2321 | H24: =VALUE(RIGHT(D24,3))*E24/60 -> 2532
A25: AUG A3 | C25: 215/170 | D25: 230/185 | E25: 682 | G25: =VALUE(RIGHT(C25,3))*E25/60 -> 1932.3333 | H25: =VALUE(RIGHT(D25,3))*E25/60 -> 2102.8333
A26: 556xi | B26: 165/125 | C26: 180/145 | D26: 190/155 | E26: 732 | F26: =VALUE(RIGHT(B26,3))*E26/60 -> 1525 | G26: =VALUE(RIGHT(C26,3))*E26/60 -> 1769 | H26: =VALUE(RIGHT(D26,3))*E26/60 -> 1891
A27: R4 | C27: 205/165 | D27: 220/180 | E27: 691 | G27: =VALUE(RIGHT(C27,3))*E27/60 -> 1900.25 | H27: =VALUE(RIGHT(D27,3))*E27/60 -> 2073
A28: 805 Bren A2 | B28: 190/155 | C28: 215/170 | D28: 230/185 | E28: 732 | F28: =VALUE(RIGHT(B28,3))*E28/60 -> 1891 | G28: =VALUE(RIGHT(C28,3))*E28/60 -> 2074 | H28: =VALUE(RIGHT(D28,3))*E28/60 -> 2257
A29: G2 | B29: 155/120 | C29: 175/135 | E29: 970 | F29: =VALUE(RIGHT(B29,3))*E29/60 -> 1940 | G29: =VALUE(RIGHT(C29,3))*E29/60 -> 2182.5
A30: L85A2 | B30: 195/160 | C30: 220/175 | E30: 695 | F30: =VALUE(RIGHT(B30,3))*E30/60 -> 1853.3333 | G30: =VALUE(RIGHT(C30,3))*E30/60 -> 2027.0833
A31: R5 (FA) | C31: 185 | D31: 200 | E31: 620 | G31: =VALUE(RIGHT(C31,3))*E31/60 -> 1911.6667 | H31: =VALUE(RIGHT(D31,3))*E31/60 -> 2066.6667
A32: AK-47 | B32: 200/160 | C32: 225/180 | D32: 245/195 | E32: 588 | F32: =VALUE(RIGHT(B32,3))*E32/60 -> 1568 | G32: =VALUE(RIGHT(C32,3))*E32/60 -> 1764 | H32: =VALUE(RIGHT(D32,3))*E32/60 -> 1911
A33: M4A1 | C33: 190/160 | D33: 215/170 | E33: 882 | G33: =VALUE(RIGHT(C33,3))*E33/60 -> 2352 | H33: =VALUE(RIGHT(D33,3))*E33/60 -> 2499
A34: Mk17 | B34: 240/185 | C34: 260/205 | D34: 280/225 | E34: 610 | F34: =VALUE(RIGHT(B34,3))*E34/60 -> 1880.8333 | G34: =VALUE(RIGHT(C34,3))*E34/60 -> 2084.1667 | H34: =VALUE(RIGHT(D34,3))*E34/60 -> 2287.5
A35: ACR | B35: 170/140 | C35: 190/155 | D35: 205/165 | E35: 780 | F35: =VALUE(RIGHT(B35,3))*E35/60 -> 1820 | G35: =VALUE(RIGHT(C35,3))*E35/60 -> 2015 | H35: =VALUE(RIGHT(D35,3))*E35/60 -> 2145
A36: TAR-21 | C36: 190/155 | D36: 205/165 | E36: 832 | G36: =VALUE(RIGHT(C36,3))*E36/60 -> 2149.3333 | H36: =VALUE(RIGHT(D36,3))*E36/60 -> 2288
A37: G36 | C37: 190/160 | D37: 215/170 | E37: 735 | G37: =VALUE(RIGHT(C37,3))*E37/60 -> 1960 | H37: =VALUE(RIGHT(D37,3))*E37/60 -> 2082.5
A38: MDR | C38: 190/155 | D38: 205/165 | E38: 828 | G38: =VALUE(RIGHT(C38,3))*E38/60 -> 2139 | H38: =VALUE(RIGHT(D38,3))*E38/60 -> 2277
A39: M16 | C39: 190/160 | E39: 686 | G39: =VALUE(RIGHT(C39,3))*E39/60 -> 1829.3333
A40: Light Machine Guns
A41: MG121 (FA) | B41: 95 | C41: 105 | E41: 702 | F41: =VALUE(RIGHT(B41,3))*E41/60 -> 1111.5 | G41: =VALUE(RIGHT(C41,3))*E41/60 -> 1228.5
A42: Stoner (FA) | C42: 135 | D42: 150 | E42: 698 | G42: =VALUE(RIGHT(C42,3))*E42/60 -> 1570.5 | H42: =VALUE(RIGHT(D42,3))*E42/60 -> 1745
A43: MK48 (FA) | C43: 135 | D43: 150 | E43: 698 | G43: =VALUE(RIGHT(C43,3))*E43/60 -> 1570.5 | H43: =VALUE(RIGHT(D43,3))*E43/60 -> 1745
A44: Type85 (FA) | B44: 115 | C44: 125 | E44: 636 | F44: =VALUE(RIGHT(B44,3))*E44/60 -> 1219 | G44: =VALUE(RIGHT(C44,3))*E44/60 -> 1325
A45: 6P41 (FA) | C45: 175 | D45: 185 | E45: 590 | G45: =VALUE(RIGHT(C45,3))*E45/60 -> 1720.8333 | H45: =VALUE(RIGHT(D45,3))*E45/60 -> 1819.1667
A46: Mk249 (FA) | C46: 100 | D46: 105 | E46: 891 | G46: =VALUE(RIGHT(C46,3))*E46/60 -> 1485 | H46: =VALUE(RIGHT(D46,3))*E46/60 -> 1559.25
A48: Sub Machine Guns
A49: MP5 | C49: 160/130 | D49: 180/140 | E49: 780 | G49: =VALUE(RIGHT(C49,3))*E49/60 -> 1690 | H49: =VALUE(RIGHT(D49,3))*E49/60 -> 1820
A50: SR-635 | B50: 260/205 | C50: 280/225 | E50: 590 | F50: =VALUE(RIGHT(B50,3))*E50/60 -> 2015.8333 | G50: =VALUE(RIGHT(C50,3))*E50/60 -> 2212.5
A51: P90 | C51: 190/160 | D51: 215/170 | E51: 878 | G51: =VALUE(RIGHT(C51,3))*E51/60 -> 2341.3333 | H51: =VALUE(RIGHT(D51,3))*E51/60 -> 2487.6667
A52: PP19 | C52: 190/160 | D52: 215/170 | E52: 685 | G52: =VALUE(RIGHT(C52,3))*E52/60 -> 1826.6667 | H52: =VALUE(RIGHT(D52,3))*E52/60 -> 1940.8333
A53: PDR | C53: 160/130 | D53: 180/140 | E53: 730 | G53: =VALUE(RIGHT(C53,3))*E53/60 -> 1581.6667 | H53: =VALUE(RIGHT(D53,3))*E53/60 -> 1703.3333
A54: Mp7 | C54: 150/120 | D54: 160/130 | E54: 923 | G54: =VALUE(RIGHT(C54,3))*E54/60 -> 1846 | H54: =VALUE(RIGHT(D54,3))*E54/60 -> 1999.8333
A55: MPX | C55: 185/150 | D55: 195/160 | E55: 828 | G55: =VALUE(RIGHT(C55,3))*E55/60 -> 2070 | H55: =VALUE(RIGHT(D55,3))*E55/60 -> 2208
A56: PSG | C56: 190/160 | D56: 215/170 | E56: 780 | G56: =VALUE(RIGHT(C56,3))*E56/60 -> 2080 | H56: =VALUE(RIGHT(D56,3))*E56/60 -> 2210
A57: 9mm C1 (FA) | C57: 255 | D57: 270 | E57: 538 | G57: =VALUE(RIGHT(C57,3))*E57/60 -> 2286.5 | H57: =VALUE(RIGHT(D57,3))*E57/60 -> 2421
A58: 9x19 VSN | C58: 220/175 | D58: 240/190 | E58: 682 | G58: =VALUE(RIGHT(C58,3))*E58/60 -> 1989.1667 | H58: =VALUE(RIGHT(D58,3))*E58/60 -> 2159.6667
A59: Scorpion Evo 3 | C59: 135/105 | D59: 145/115 | E59: 1111 | G59: =VALUE(RIGHT(C59,3))*E59/60 -> 1944.25 | H59: =VALUE(RIGHT(D59,3))*E59/60 -> 2129.4167
A60: Vector .45 ACP | B60: 135/105 | C60: 145/115 | E60: 1137 | F60: =VALUE(RIGHT(B60,3))*E60/60 -> 1989.75 | G60: =VALUE(RIGHT(C60,3))*E60/60 -> 2179.25
A62: Shotguns
A63: Super Shorty | C63: 1000+ | D63: 1000+
A64: SASG-12 | C64: 500-760 | D64: 500-760
A65: SASG-12 (FA) | C65: 380-499 | D65: 380-499 | E65: 300 | G65: 1900-2495 | H65: 1900-2495
A66: SPAS | B66: 500-760 | C66: 500-760 | D66: 500-760
A67: Wilderness | C67: 500-760
A68: Ice-shard | C68: 500-760
A70: Secondaries
A71: P45T | C71: 95
A72: 5.7 USG | C72: 100
A73: M1911 | C73: 95
A74: P12 | C74: 100
A75: P227 | C75: 105
A76: D50 | C76: 275
A77: Peacemaker | C77: 235
A78: .357 Joker | C78: 250
A79: BFF | C79: 300
A80: SMG-11 (FA) | C80: 53 | E80: 1160 | G80: =VALUE(RIGHT(C80,3))*E80/60 -> 1024.6667
A81: Scorpion (FA) | C81: 75 | E81: 885 | G81: =VALUE(RIGHT(C81,3))*E81/60 -> 1106.25

Sheet Shot to kill vs UniHeavy No tie
A1: Semi/full auto | B1: SH | C1: SB | D1: MH | E1: MB | F1: LH | G1: LB | H1: RPM | I1: TTK Short | J1: TTK Standard | K1: TTK Long | M1: Heavies | N1: 1000hp | P1: SB Regulars | Q1: 760hp
A2: Bodypart: | B2: Head | C2: Body | D2: Head | E2: Body | F2: Head | G2: Body | M2: 1000+ | O2: 1 | P2: 760+ | R2: 1
A3: Barrel: | B3: Short | D3: Standard | F3: Long | M3: =CEILING(1000/O3,1) -> 500 | N3: =CEILING(1000/(O3-1)-1,1) -> 999 | O3: 2 | P3: =CEILING(760/R3,1) -> 380 | Q3: =CEILING(760/(R3-1)-1,1) -> 759 | R3: 2
A4: Sniper Rifles | M4: =CEILING(1000/O4,1) -> 334 | N4: =CEILING(1000/(O4-1)-1,1) -> 499 | O4: 3 | P4: =CEILING(760/R4,1) -> 254 | Q4: =CEILING(760/(R4-1)-1,1) -> 379 | R4: 3
A5: M40A5 | B5: ='RAW Shot to kill'!X5 -> 1 | C5: 2 | D5: ='RAW Shot to kill'!X4 -> 1 | E5: ='RAW Shot to kill'!Y4 -> 2 | F5: ='RAW Shot to kill'!X3 -> 1 | G5: 1 | H5: 29.3 (2.05s) | I5: 2.05s | J5: 2.05s | K5: one-hit | M5: =CEILING(1000/O5,1) -> 250 | N5: =CEILING(1000/(O5-1)-1,1) -> 333 | O5: 4 | P5: =CEILING(760/R5,1) -> 190 | Q5: =CEILING(760/(R5-1)-1,1) -> 253 | R5: 4
A6: M1891 | D6: ='RAW Shot to kill'!X7 -> 1 | E6: 1 | F6: ='RAW Shot to kill'!X6 -> 1 | G6: 1 | H6: 28.8 (2.08s) | J6: one-hit | K6: one-hit | M6: =CEILING(1000/O6,1) -> 200 | N6: =CEILING(1000/(O6-1)-1,1) -> 249 | O6: 5 | P6: =CEILING(760/R6,1) -> 152 | Q6: =CEILING(760/(R6-1)-1,1) -> 189 | R6: 5
A7: SRSA1 | D7: ='RAW Shot to kill'!X9 -> 1 | E7: 1 | F7: ='RAW Shot to kill'!X8 -> 1 | G7: 1 | H7: 27.9 (2.15s) | J7: one-hit | K7: one-hit | M7: =CEILING(1000/O7,1) -> 167 | N7: =CEILING(1000/(O7-1)-1,1) -> 199 | O7: 6 | P7: =CEILING(760/R7,1) -> 127 | Q7: =CEILING(760/(R7-1)-1,1) -> 151 | R7: 6
A8: SR1 | D8: ='RAW Shot to kill'!X11 -> 1 | E8: 1 | F8: ='RAW Shot to kill'!X10 -> 1 | G8: 1 | H8: 27.1 (2.22s) | J8: one-hit | K8: one-hit | M8: =CEILING(1000/O8,1) -> 143 | N8: =CEILING(1000/(O8-1)-1,1) -> 166 | O8: 7 | P8: =CEILING(760/R8,1) -> 109 | Q8: =CEILING(760/(R8-1)-1,1) -> 126 | R8: 7
A9: L115A3 | D9: ='RAW Shot to kill'!X13 -> 1 | E9: 1 | F9: ='RAW Shot to kill'!X12 -> 1 | G9: 1 | H9: 27.9 (2.15s) | J9: one-hit | K9: one-hit | M9: =CEILING(1000/O9,1) -> 125 | N9: =CEILING(1000/(O9-1)-1,1) -> 142 | O9: 8 | P9: =CEILING(760/R9,1) -> 95 | Q9: =CEILING(760/(R9-1)-1,1) -> 108 | R9: 8
A10: MSR | B10: ='RAW Shot to kill'!X16 -> 1 | C10: 1 | D10: ='RAW Shot to kill'!X15 -> 1 | E10: 1 | F10: ='RAW Shot to kill'!X14 -> 1 | G10: ='RAW Shot to kill'!Y14 -> 1 | H10: 26.1 (2.3s) | I10: one-hit | J10: one-hit | K10: one-hit | M10: =CEILING(1000/O10,1) -> 112 | N10: =CEILING(1000/(O10-1)-1,1) -> 124 | O10: 9 | P10: =CEILING(760/R10,1) -> 85 | Q10: =CEILING(760/(R10-1)-1,1) -> 94 | R10: 9
A11: HTI | D11: ='RAW Shot to kill'!X18 -> 1 | E11: ='RAW Shot to kill'!Y18 -> 1 | F11: ='RAW Shot to kill'!X17 -> 1 | G11: ='RAW Shot to kill'!Y17 -> 1 | H11: 25.5 (2.35s) | J11: one-hit | K11: one-hit | M11: =CEILING(1000/O11,1) -> 100 | N11: =CEILING(1000/(O11-1)-1,1) -> 111 | O11: 10 | P11: =CEILING(760/R11,1) -> 76 | Q11: =CEILING(760/(R11-1)-1,1) -> 84 | R11: 10
A12: BFG | D12: ='RAW Shot to kill'!X20 -> 1 | E12: ='RAW Shot to kill'!Y20 -> 1 | F12: ='RAW Shot to kill'!X19 -> 1 | G12: ='RAW Shot to kill'!Y19 -> 1 | J12: one-hit | K12: one-hit | M12: =CEILING(1000/O12,1) -> 91 | N12: =CEILING(1000/(O12-1)-1,1) -> 99 | O12: 11 | P12: =CEILING(760/R12,1) -> 70 | Q12: =CEILING(760/(R12-1)-1,1) -> 75 | R12: 11
A13: Stampede | D13: ='RAW Shot to kill'!X21 -> 1 | E13: 1 | H13: 42.4 (1.42s) | J13: one-hit | M13: =CEILING(1000/O13,1) -> 84 | N13: =CEILING(1000/(O13-1)-1,1) -> 90 | O13: 12 | P13: =CEILING(760/R13,1) -> 64 | Q13: =CEILING(760/(R13-1)-1,1) -> 69 | R13: 12
A14: Crossbow | D14: ='RAW Shot to kill'!X22 -> 1 | E14: ='RAW Shot to kill'!Y22 -> 1 | H14: 40 (1.5s) | J14: one-hit | M14: =CEILING(1000/O14,1) -> 77 | N14: =CEILING(1000/(O14-1)-1,1) -> 83 | O14: 13 | P14: =CEILING(760/R14,1) -> 59 | Q14: =CEILING(760/(R14-1)-1,1) -> 63 | R14: 13
M15: =CEILING(1000/O15,1) -> 72 | N15: =CEILING(1000/(O15-1)-1,1) -> 76 | O15: 14 | P15: =CEILING(760/R15,1) -> 55 | Q15: =CEILING(760/(R15-1)-1,1) -> 58 | R15: 14
A16: Semi-Snipers | M16: =CEILING(1000/O16,1) -> 67 | N16: =CEILING(1000/(O16-1)-1,1) -> 71 | O16: 15 | P16: =CEILING(760/R16,1) -> 51 | Q16: =CEILING(760/(R16-1)-1,1) -> 54 | R16: 15
A17: SR25 | B17: 1 | C17: 3 | D17: 1 | E17: 2 | M17: =CEILING(1000/O17,1) -> 63 | N17: =CEILING(1000/(O17-1)-1,1) -> 66 | O17: 16 | P17: =CEILING(760/R17,1) -> 48 | Q17: =CEILING(760/(R17-1)-1,1) -> 50 | R17: 16
A18: Dragunov | B18: 2 | C18: 3 | D18: 1 | E18: 3 | M18: =CEILING(1000/O18,1) -> 59 | N18: =CEILING(1000/(O18-1)-1,1) -> 62 | O18: 17 | P18: =CEILING(760/R18,1) -> 45 | Q18: =CEILING(760/(R18-1)-1,1) -> 47 | R18: 17
A19: Mk14 | D19: 43161 | E19: 43256 | F19: 43161 | G19: 43224 | H19: 705 | I19: =IFS(ISBLANK(C19)," ",VALUE(RIGHT(C19,1))<=1,"one-hit",VALUE(RIGHT(C19,1))<=3,1*60/H19,VALUE(RIGHT(C19,1))=4,"manual",VALUE(RIGHT(C19,1))<=6,2*60/H19,VALUE(RIGHT(C19,1))=7,"manual",VALUE(RIGHT(C19,1))=8,3*60/H19,VALUE(RIGHT(C19,1))=9,"manual",VALUE(RIGHT(C19,1))<=11,4*60/H19) | J19: =IFS(ISBLANK(E19)," ",VALUE(RIGHT(E19,1))<=1,"one-hit",VALUE(RIGHT(E19,1))<=3,1*60/H19,VALUE(RIGHT(E19,1))=4,"manual",VALUE(RIGHT(E19,1))<=6,2*60/H19,VALUE(RIGHT(E19,1))=7,"manual",VALUE(RIGHT(E19,1))=8,3*60/H19,VALUE(RIGHT(E19,1))=9,"manual",VALUE(RIGHT(E19,1))<=11,4*60/H19) -> 0.17021277 | K19: =IFS(ISBLANK(G19)," ",VALUE(RIGHT(G19,1))<=1,"one-hit",VALUE(RIGHT(G19,1))<=3,1*60/H19,VALUE(RIGHT(G19,1))=4,"manual",VALUE(RIGHT(G19,1))<=6,2*60/H19,VALUE(RIGHT(G19,1))=7,"manual",VALUE(RIGHT(G19,1))=8,3*60/H19,VALUE(RIGHT(G19,1))=9,"manual",VALUE(RIGHT(G19,1))<=11,4*60/H19) -> 0.17021277 | M19: =CEILING(1000/O19,1) -> 56 | N19: =CEILING(1000/(O19-1)-1,1) -> 58 | O19: 18 | P19: =CEILING(760/R19,1) -> 43 | Q19: =CEILING(760/(R19-1)-1,1) -> 44 | R19: 18
A20: G28 | D20: 3 | E20: 6 | F20: 3 | G20: 5 | I20: =IFS(ISBLANK(C20)," ",VALUE(RIGHT(C20,1))<=1,"one-hit",VALUE(RIGHT(C20,1))<=3,1*60/H20,VALUE(RIGHT(C20,1))=4,"manual",VALUE(RIGHT(C20,1))<=6,2*60/H20,VALUE(RIGHT(C20,1))=7,"manual",VALUE(RIGHT(C20,1))=8,3*60/H20,VALUE(RIGHT(C20,1))=9,"manual",VALUE(RIGHT(C20,1))<=11,4*60/H20) | M20: =CEILING(1000/O20,1) -> 53 | N20: =CEILING(1000/(O20-1)-1,1) -> 55 | O20: 19 | P20: =CEILING(760/R20,1) -> 40 | Q20: =CEILING(760/(R20-1)-1,1) -> 42 | R20: 19
A21: PSG-1 | D21: 3 | E21: 6 | F21: 3 | G21: 5 | I21: =IFS(ISBLANK(C21)," ",VALUE(RIGHT(C21,1))<=1,"one-hit",VALUE(RIGHT(C21,1))<=3,1*60/H21,VALUE(RIGHT(C21,1))=4,"manual",VALUE(RIGHT(C21,1))<=6,2*60/H21,VALUE(RIGHT(C21,1))=7,"manual",VALUE(RIGHT(C21,1))=8,3*60/H21,VALUE(RIGHT(C21,1))=9,"manual",VALUE(RIGHT(C21,1))<=11,4*60/H21) | M21: =CEILING(1000/O21,1) -> 50 | N21: =CEILING(1000/(O21-1)-1,1) -> 52 | O21: 20 | P21: =CEILING(760/R21,1) -> 38 | Q21: =CEILING(760/(R21-1)-1,1) -> 39 | R21: 20
A22: Assault Rifles | I22: =IFS(ISBLANK(C22)," ",VALUE(RIGHT(C22,1))<=1,"one-hit",VALUE(RIGHT(C22,1))<=3,1*60/H22,VALUE(RIGHT(C22,1))=4,"manual",VALUE(RIGHT(C22,1))<=6,2*60/H22,VALUE(RIGHT(C22,1))=7,"manual",VALUE(RIGHT(C22,1))=8,3*60/H22,VALUE(RIGHT(C22,1))=9,"manual",VALUE(RIGHT(C22,1))<=11,4*60/H22) | J22: =IFS(ISBLANK(E22)," ",VALUE(RIGHT(E22,1))<=1,"one-hit",VALUE(RIGHT(E22,1))<=3,1*60/H22,VALUE(RIGHT(E22,1))=4,"manual",VALUE(RIGHT(E22,1))<=6,2*60/H22,VALUE(RIGHT(E22,1))=7,"manual",VALUE(RIGHT(E22,1))=8,3*60/H22,VALUE(RIGHT(E22,1))=9,"manual",VALUE(RIGHT(E22,1))<=11,4*60/H22) | K22: =IFS(ISBLANK(G22)," ",VALUE(RIGHT(G22,1))<=1,"one-hit",VALUE(RIGHT(G22,1))<=3,1*60/H22,VALUE(RIGHT(G22,1))=4,"manual",VALUE(RIGHT(G22,1))<=6,2*60/H22,VALUE(RIGHT(G22,1))=7,"manual",VALUE(RIGHT(G22,1))=8,3*60/H22,VALUE(RIGHT(G22,1))=9,"manual",VALUE(RIGHT(G22,1))<=11,4*60/H22)
A23: P416 | B23: 43193 | C23: 43380 | D23: 43193 | E23: 43350 | H23: 735 | I23: =4*60/H23 -> 0.32653061 | J23: =IFS(ISBLANK(E23)," ",VALUE(RIGHT(E23,1))<=1,"one-hit",VALUE(RIGHT(E23,1))<=3,1*60/H23,VALUE(RIGHT(E23,1))=4,"manual",VALUE(RIGHT(E23,1))<=6,2*60/H23,VALUE(RIGHT(E23,1))=7,"manual",VALUE(RIGHT(E23,1))=8,3*60/H23,VALUE(RIGHT(E23,1))=9,"manual",VALUE(RIGHT(E23,1))<=11,4*60/H23) -> manual | K23: =IFS(ISBLANK(G23)," ",VALUE(RIGHT(G23,1))<=1,"one-hit",VALUE(RIGHT(G23,1))<=3,1*60/H23,VALUE(RIGHT(G23,1))=4,"manual",VALUE(RIGHT(G23,1))<=6,2*60/H23,VALUE(RIGHT(G23,1))=7,"manual",VALUE(RIGHT(G23,1))=8,3*60/H23,VALUE(RIGHT(G23,1))=9,"manual",VALUE(RIGHT(G23,1))<=11,4*60/H23)
A24: LVOA-C Bad N. | D24: 43162 | E24: 43256 | H24: 828 | I24: =IFS(ISBLANK(C24)," ",VALUE(RIGHT(C24,1))<=1,"one-hit",VALUE(RIGHT(C24,1))<=3,1*60/H24,VALUE(RIGHT(C24,1))=4,"manual",VALUE(RIGHT(C24,1))<=6,2*60/H24,VALUE(RIGHT(C24,1))=7,"manual",VALUE(RIGHT(C24,1))=8,3*60/H24,VALUE(RIGHT(C24,1))=9,"manual",VALUE(RIGHT(C24,1))<=11,4*60/H24) | J24: =IFS(ISBLANK(E24)," ",VALUE(RIGHT(E24,1))<=1,"one-hit",VALUE(RIGHT(E24,1))<=3,1*60/H24,VALUE(RIGHT(E24,1))=4,"manual",VALUE(RIGHT(E24,1))<=6,2*60/H24,VALUE(RIGHT(E24,1))=7,"manual",VALUE(RIGHT(E24,1))=8,3*60/H24,VALUE(RIGHT(E24,1))=9,"manual",VALUE(RIGHT(E24,1))<=11,4*60/H24) -> 0.14492754 | K24: =IFS(ISBLANK(G24)," ",VALUE(RIGHT(G24,1))<=1,"one-hit",VALUE(RIGHT(G24,1))<=3,1*60/H24,VALUE(RIGHT(G24,1))=4,"manual",VALUE(RIGHT(G24,1))<=6,2*60/H24,VALUE(RIGHT(G24,1))=7,"manual",VALUE(RIGHT(G24,1))=8,3*60/H24,VALUE(RIGHT(G24,1))=9,"manual",VALUE(RIGHT(G24,1))<=11,4*60/H24) | N24: 1 | O24: 1
A25: SR3M | D25: 43193 | E25: 43350 | F25: 43193 | G25: 43319 | H25: 877 | I25: =IFS(ISBLANK(C25)," ",VALUE(RIGHT(C25,1))<=1,"one-hit",VALUE(RIGHT(C25,1))<=3,1*60/H25,VALUE(RIGHT(C25,1))=4,"manual",VALUE(RIGHT(C25,1))<=6,2*60/H25,VALUE(RIGHT(C25,1))=7,"manual",VALUE(RIGHT(C25,1))=8,3*60/H25,VALUE(RIGHT(C25,1))=9,"manual",VALUE(RIGHT(C25,1))<=11,4*60/H25) | J25: =IFS(ISBLANK(E25)," ",VALUE(RIGHT(E25,1))<=1,"one-hit",VALUE(RIGHT(E25,1))<=3,1*60/H25,VALUE(RIGHT(E25,1))=4,"manual",VALUE(RIGHT(E25,1))<=6,2*60/H25,VALUE(RIGHT(E25,1))=7,"manual",VALUE(RIGHT(E25,1))=8,3*60/H25,VALUE(RIGHT(E25,1))=9,"manual",VALUE(RIGHT(E25,1))<=11,4*60/H25) -> manual | K25: =IFS(ISBLANK(G25)," ",VALUE(RIGHT(G25,1))<=1,"one-hit",VALUE(RIGHT(G25,1))<=3,1*60/H25,VALUE(RIGHT(G25,1))=4,"manual",VALUE(RIGHT(G25,1))<=6,2*60/H25,VALUE(RIGHT(G25,1))=7,"manual",VALUE(RIGHT(G25,1))=8,3*60/H25,VALUE(RIGHT(G25,1))=9,"manual",VALUE(RIGHT(G25,1))<=11,4*60/H25) -> 0.20524515 | N25: 2 | O25: 2
A26: AK-12 | D26: 43162 | E26: 43287 | F26: 43162 | G26: 43286 | H26: 844 | I26: =IFS(ISBLANK(C26)," ",VALUE(RIGHT(C26,1))<=1,"one-hit",VALUE(RIGHT(C26,1))<=3,1*60/H26,VALUE(RIGHT(C26,1))=4,"manual",VALUE(RIGHT(C26,1))<=6,2*60/H26,VALUE(RIGHT(C26,1))=7,"manual",VALUE(RIGHT(C26,1))=8,3*60/H26,VALUE(RIGHT(C26,1))=9,"manual",VALUE(RIGHT(C26,1))<=11,4*60/H26) | J26: =IFS(ISBLANK(E26)," ",VALUE(RIGHT(E26,1))<=1,"one-hit",VALUE(RIGHT(E26,1))<=3,1*60/H26,VALUE(RIGHT(E26,1))=4,"manual",VALUE(RIGHT(E26,1))<=6,2*60/H26,VALUE(RIGHT(E26,1))=7,"manual",VALUE(RIGHT(E26,1))=8,3*60/H26,VALUE(RIGHT(E26,1))=9,"manual",VALUE(RIGHT(E26,1))<=11,4*60/H26) -> manual | K26: =IFS(ISBLANK(G26)," ",VALUE(RIGHT(G26,1))<=1,"one-hit",VALUE(RIGHT(G26,1))<=3,1*60/H26,VALUE(RIGHT(G26,1))=4,"manual",VALUE(RIGHT(G26,1))<=6,2*60/H26,VALUE(RIGHT(G26,1))=7,"manual",VALUE(RIGHT(G26,1))=8,3*60/H26,VALUE(RIGHT(G26,1))=9,"manual",VALUE(RIGHT(G26,1))<=11,4*60/H26) -> manual | N26: 3 | O26: 2
A27: AUG A3 | D27: 43162 | E27: 43287 | F27: 43162 | G27: 43286 | H27: 682 | I27: =IFS(ISBLANK(C27)," ",VALUE(RIGHT(C27,1))<=1,"one-hit",VALUE(RIGHT(C27,1))<=3,1*60/H27,VALUE(RIGHT(C27,1))=4,"manual",VALUE(RIGHT(C27,1))<=6,2*60/H27,VALUE(RIGHT(C27,1))=7,"manual",VALUE(RIGHT(C27,1))=8,3*60/H27,VALUE(RIGHT(C27,1))=9,"manual",VALUE(RIGHT(C27,1))<=11,4*60/H27) | J27: =IFS(ISBLANK(E27)," ",VALUE(RIGHT(E27,1))<=1,"one-hit",VALUE(RIGHT(E27,1))<=3,1*60/H27,VALUE(RIGHT(E27,1))=4,"manual",VALUE(RIGHT(E27,1))<=6,2*60/H27,VALUE(RIGHT(E27,1))=7,"manual",VALUE(RIGHT(E27,1))=8,3*60/H27,VALUE(RIGHT(E27,1))=9,"manual",VALUE(RIGHT(E27,1))<=11,4*60/H27) -> manual | K27: =IFS(ISBLANK(G27)," ",VALUE(RIGHT(G27,1))<=1,"one-hit",VALUE(RIGHT(G27,1))<=3,1*60/H27,VALUE(RIGHT(G27,1))=4,"manual",VALUE(RIGHT(G27,1))<=6,2*60/H27,VALUE(RIGHT(G27,1))=7,"manual",VALUE(RIGHT(G27,1))=8,3*60/H27,VALUE(RIGHT(G27,1))=9,"manual",VALUE(RIGHT(G27,1))<=11,4*60/H27) -> manual | N27: 4 | O27: 43161
A28: 556xi | B28: 43193 | C28: 43380 | D28: 43193 | E28: 43319 | F28: 43162 | G28: 43287 | H28: 732 | I28: =4*60/H28 -> 0.32786885 | J28: =IFS(ISBLANK(E28)," ",VALUE(RIGHT(E28,1))<=1,"one-hit",VALUE(RIGHT(E28,1))<=3,1*60/H28,VALUE(RIGHT(E28,1))=4,"manual",VALUE(RIGHT(E28,1))<=6,2*60/H28,VALUE(RIGHT(E28,1))=7,"manual",VALUE(RIGHT(E28,1))=8,3*60/H28,VALUE(RIGHT(E28,1))=9,"manual",VALUE(RIGHT(E28,1))<=11,4*60/H28) -> 0.24590164 | K28: =IFS(ISBLANK(G28)," ",VALUE(RIGHT(G28,1))<=1,"one-hit",VALUE(RIGHT(G28,1))<=3,1*60/H28,VALUE(RIGHT(G28,1))=4,"manual",VALUE(RIGHT(G28,1))<=6,2*60/H28,VALUE(RIGHT(G28,1))=7,"manual",VALUE(RIGHT(G28,1))=8,3*60/H28,VALUE(RIGHT(G28,1))=9,"manual",VALUE(RIGHT(G28,1))<=11,4*60/H28) -> manual | N28: 5 | O28: 3
A29: R4 | D29: 43162 | E29: 43287 | F29: 43162 | G29: 43286 | H29: 691 | I29: =IFS(ISBLANK(C29)," ",VALUE(RIGHT(C29,1))<=1,"one-hit",VALUE(RIGHT(C29,1))<=3,1*60/H29,VALUE(RIGHT(C29,1))=4,"manual",VALUE(RIGHT(C29,1))<=6,2*60/H29,VALUE(RIGHT(C29,1))=7,"manual",VALUE(RIGHT(C29,1))=8,3*60/H29,VALUE(RIGHT(C29,1))=9,"manual",VALUE(RIGHT(C29,1))<=11,4*60/H29) | J29: =IFS(ISBLANK(E29)," ",VALUE(RIGHT(E29,1))<=1,"one-hit",VALUE(RIGHT(E29,1))<=3,1*60/H29,VALUE(RIGHT(E29,1))=4,"manual",VALUE(RIGHT(E29,1))<=6,2*60/H29,VALUE(RIGHT(E29,1))=7,"manual",VALUE(RIGHT(E29,1))=8,3*60/H29,VALUE(RIGHT(E29,1))=9,"manual",VALUE(RIGHT(E29,1))<=11,4*60/H29) -> manual | K29: =IFS(ISBLANK(G29)," ",VALUE(RIGHT(G29,1))<=1,"one-hit",VALUE(RIGHT(G29,1))<=3,1*60/H29,VALUE(RIGHT(G29,1))=4,"manual",VALUE(RIGHT(G29,1))<=6,2*60/H29,VALUE(RIGHT(G29,1))=7,"manual",VALUE(RIGHT(G29,1))=8,3*60/H29,VALUE(RIGHT(G29,1))=9,"manual",VALUE(RIGHT(G29,1))<=11,4*60/H29) -> manual | N29: 6 | O29: 3
A30: 805 Bren A2 | B30: 43193 | C30: 43318 | D30: 43162 | E30: 43287 | F30: 43162 | G30: 43286 | H30: 732 | I30: =IFS(ISBLANK(C30)," ",VALUE(RIGHT(C30,1))<=1,"one-hit",VALUE(RIGHT(C30,1))<=3,1*60/H30,VALUE(RIGHT(C30,1))=4,"manual",VALUE(RIGHT(C30,1))<=6,2*60/H30,VALUE(RIGHT(C30,1))=7,"manual",VALUE(RIGHT(C30,1))=8,3*60/H30,VALUE(RIGHT(C30,1))=9,"manual",VALUE(RIGHT(C30,1))<=11,4*60/H30) -> 0.24590164 | J30: =IFS(ISBLANK(E30)," ",VALUE(RIGHT(E30,1))<=1,"one-hit",VALUE(RIGHT(E30,1))<=3,1*60/H30,VALUE(RIGHT(E30,1))=4,"manual",VALUE(RIGHT(E30,1))<=6,2*60/H30,VALUE(RIGHT(E30,1))=7,"manual",VALUE(RIGHT(E30,1))=8,3*60/H30,VALUE(RIGHT(E30,1))=9,"manual",VALUE(RIGHT(E30,1))<=11,4*60/H30) -> manual | K30: =IFS(ISBLANK(G30)," ",VALUE(RIGHT(G30,1))<=1,"one-hit",VALUE(RIGHT(G30,1))<=3,1*60/H30,VALUE(RIGHT(G30,1))=4,"manual",VALUE(RIGHT(G30,1))<=6,2*60/H30,VALUE(RIGHT(G30,1))=7,"manual",VALUE(RIGHT(G30,1))=8,3*60/H30,VALUE(RIGHT(G30,1))=9,"manual",VALUE(RIGHT(G30,1))<=11,4*60/H30) -> manual | N30: 7 | O30: 43193
A31: G2 | B31: 43193 | C31: 43380 | D31: 43193 | E31: 43350 | H31: 970 | I31: =4*60/H31 -> 0.24742268 | J31: =IFS(ISBLANK(E31)," ",VALUE(RIGHT(E31,1))<=1,"one-hit",VALUE(RIGHT(E31,1))<=3,1*60/H31,VALUE(RIGHT(E31,1))=4,"manual",VALUE(RIGHT(E31,1))<=6,2*60/H31,VALUE(RIGHT(E31,1))=7,"manual",VALUE(RIGHT(E31,1))=8,3*60/H31,VALUE(RIGHT(E31,1))=9,"manual",VALUE(RIGHT(E31,1))<=11,4*60/H31) -> manual | K31: =IFS(ISBLANK(G31)," ",VALUE(RIGHT(G31,1))<=1,"one-hit",VALUE(RIGHT(G31,1))<=3,1*60/H31,VALUE(RIGHT(G31,1))=4,"manual",VALUE(RIGHT(G31,1))<=6,2*60/H31,VALUE(RIGHT(G31,1))=7,"manual",VALUE(RIGHT(G31,1))=8,3*60/H31,VALUE(RIGHT(G31,1))=9,"manual",VALUE(RIGHT(G31,1))<=11,4*60/H31) | N31: 8 | O31: 4
A32: L85A2 | B32: 43162 | C32: 43287 | D32: 43162 | E32: 43287 | H32: 695 | I32: =IFS(ISBLANK(C32)," ",VALUE(RIGHT(C32,1))<=1,"one-hit",VALUE(RIGHT(C32,1))<=3,1*60/H32,VALUE(RIGHT(C32,1))=4,"manual",VALUE(RIGHT(C32,1))<=6,2*60/H32,VALUE(RIGHT(C32,1))=7,"manual",VALUE(RIGHT(C32,1))=8,3*60/H32,VALUE(RIGHT(C32,1))=9,"manual",VALUE(RIGHT(C32,1))<=11,4*60/H32) -> manual | J32: =IFS(ISBLANK(E32)," ",VALUE(RIGHT(E32,1))<=1,"one-hit",VALUE(RIGHT(E32,1))<=3,1*60/H32,VALUE(RIGHT(E32,1))=4,"manual",VALUE(RIGHT(E32,1))<=6,2*60/H32,VALUE(RIGHT(E32,1))=7,"manual",VALUE(RIGHT(E32,1))=8,3*60/H32,VALUE(RIGHT(E32,1))=9,"manual",VALUE(RIGHT(E32,1))<=11,4*60/H32) -> manual | K32: =IFS(ISBLANK(G32)," ",VALUE(RIGHT(G32,1))<=1,"one-hit",VALUE(RIGHT(G32,1))<=3,1*60/H32,VALUE(RIGHT(G32,1))=4,"manual",VALUE(RIGHT(G32,1))<=6,2*60/H32,VALUE(RIGHT(G32,1))=7,"manual",VALUE(RIGHT(G32,1))=8,3*60/H32,VALUE(RIGHT(G32,1))=9,"manual",VALUE(RIGHT(G32,1))<=11,4*60/H32) | N32: 9 | O32: 43224
A33: R5 (FA) | D33: 3 | E33: 7 | F33: 3 | G33: 6 | H33: 620 | I33: =IFS(ISBLANK(C33)," ",VALUE(RIGHT(C33,1))<=1,"one-hit",VALUE(RIGHT(C33,1))<=3,1*60/H33,VALUE(RIGHT(C33,1))=4,"manual",VALUE(RIGHT(C33,1))<=6,2*60/H33,VALUE(RIGHT(C33,1))=7,"manual",VALUE(RIGHT(C33,1))=8,3*60/H33,VALUE(RIGHT(C33,1))=9,"manual",VALUE(RIGHT(C33,1))<=11,4*60/H33) | J33: =IFS(ISBLANK(E33)," ",VALUE(RIGHT(E33,1))<=1,"one-hit",VALUE(RIGHT(E33,1))<=3,1*60/H33,VALUE(RIGHT(E33,1))=4,"manual",VALUE(RIGHT(E33,1))<=6,2*60/H33,VALUE(RIGHT(E33,1))=7,"manual",VALUE(RIGHT(E33,1))=8,3*60/H33,VALUE(RIGHT(E33,1))=9,"manual",VALUE(RIGHT(E33,1))<=11,4*60/H33) -> manual | K33: =IFS(ISBLANK(G33)," ",VALUE(RIGHT(G33,1))<=1,"one-hit",VALUE(RIGHT(G33,1))<=3,1*60/H33,VALUE(RIGHT(G33,1))=4,"manual",VALUE(RIGHT(G33,1))<=6,2*60/H33,VALUE(RIGHT(G33,1))=7,"manual",VALUE(RIGHT(G33,1))=8,3*60/H33,VALUE(RIGHT(G33,1))=9,"manual",VALUE(RIGHT(G33,1))<=11,4*60/H33) -> 0.19354839 | N33: 10 | O33: 5
A34: AK-47 | B34: 43162 | C34: 43287 | D34: 43162 | E34: 43286 | F34: 43161 | G34: 43256 | H34: 588 | I34: =IFS(ISBLANK(C34)," ",VALUE(RIGHT(C34,1))<=1,"one-hit",VALUE(RIGHT(C34,1))<=3,1*60/H34,VALUE(RIGHT(C34,1))=4,"manual",VALUE(RIGHT(C34,1))<=6,2*60/H34,VALUE(RIGHT(C34,1))=7,"manual",VALUE(RIGHT(C34,1))=8,3*60/H34,VALUE(RIGHT(C34,1))=9,"manual",VALUE(RIGHT(C34,1))<=11,4*60/H34) -> manual | J34: =IFS(ISBLANK(E34)," ",VALUE(RIGHT(E34,1))<=1,"one-hit",VALUE(RIGHT(E34,1))<=3,1*60/H34,VALUE(RIGHT(E34,1))=4,"manual",VALUE(RIGHT(E34,1))<=6,2*60/H34,VALUE(RIGHT(E34,1))=7,"manual",VALUE(RIGHT(E34,1))=8,3*60/H34,VALUE(RIGHT(E34,1))=9,"manual",VALUE(RIGHT(E34,1))<=11,4*60/H34) -> manual | K34: =IFS(ISBLANK(G34)," ",VALUE(RIGHT(G34,1))<=1,"one-hit",VALUE(RIGHT(G34,1))<=3,1*60/H34,VALUE(RIGHT(G34,1))=4,"manual",VALUE(RIGHT(G34,1))<=6,2*60/H34,VALUE(RIGHT(G34,1))=7,"manual",VALUE(RIGHT(G34,1))=8,3*60/H34,VALUE(RIGHT(G34,1))=9,"manual",VALUE(RIGHT(G34,1))<=11,4*60/H34) -> 0.20408163 | N34: 11 | O34: 5
A35: M4A1 | D35: 43162 | E35: 43287 | F35: 43162 | G35: 43287 | H35: 882 | I35: =IFS(ISBLANK(C35)," ",VALUE(RIGHT(C35,1))<=1,"one-hit",VALUE(RIGHT(C35,1))<=3,1*60/H35,VALUE(RIGHT(C35,1))=4,"manual",VALUE(RIGHT(C35,1))<=6,2*60/H35,VALUE(RIGHT(C35,1))=7,"manual",VALUE(RIGHT(C35,1))=8,3*60/H35,VALUE(RIGHT(C35,1))=9,"manual",VALUE(RIGHT(C35,1))<=11,4*60/H35) | J35: =IFS(ISBLANK(E35)," ",VALUE(RIGHT(E35,1))<=1,"one-hit",VALUE(RIGHT(E35,1))<=3,1*60/H35,VALUE(RIGHT(E35,1))=4,"manual",VALUE(RIGHT(E35,1))<=6,2*60/H35,VALUE(RIGHT(E35,1))=7,"manual",VALUE(RIGHT(E35,1))=8,3*60/H35,VALUE(RIGHT(E35,1))=9,"manual",VALUE(RIGHT(E35,1))<=11,4*60/H35) -> manual | K35: =IFS(ISBLANK(G35)," ",VALUE(RIGHT(G35,1))<=1,"one-hit",VALUE(RIGHT(G35,1))<=3,1*60/H35,VALUE(RIGHT(G35,1))=4,"manual",VALUE(RIGHT(G35,1))<=6,2*60/H35,VALUE(RIGHT(G35,1))=7,"manual",VALUE(RIGHT(G35,1))=8,3*60/H35,VALUE(RIGHT(G35,1))=9,"manual",VALUE(RIGHT(G35,1))<=11,4*60/H35) -> manual | N35: 12
A36: Mk17 | B36: 43161 | C36: 43256 | D36: 43161 | E36: 43256 | F36: 43161 | G36: 43224 | H36: 610 | I36: =IFS(ISBLANK(C36)," ",VALUE(RIGHT(C36,1))<=1,"one-hit",VALUE(RIGHT(C36,1))<=3,1*60/H36,VALUE(RIGHT(C36,1))=4,"manual",VALUE(RIGHT(C36,1))<=6,2*60/H36,VALUE(RIGHT(C36,1))=7,"manual",VALUE(RIGHT(C36,1))=8,3*60/H36,VALUE(RIGHT(C36,1))=9,"manual",VALUE(RIGHT(C36,1))<=11,4*60/H36) -> 0.19672131 | J36: =IFS(ISBLANK(E36)," ",VALUE(RIGHT(E36,1))<=1,"one-hit",VALUE(RIGHT(E36,1))<=3,1*60/H36,VALUE(RIGHT(E36,1))=4,"manual",VALUE(RIGHT(E36,1))<=6,2*60/H36,VALUE(RIGHT(E36,1))=7,"manual",VALUE(RIGHT(E36,1))=8,3*60/H36,VALUE(RIGHT(E36,1))=9,"manual",VALUE(RIGHT(E36,1))<=11,4*60/H36) -> 0.19672131 | K36: =IFS(ISBLANK(G36)," ",VALUE(RIGHT(G36,1))<=1,"one-hit",VALUE(RIGHT(G36,1))<=3,1*60/H36,VALUE(RIGHT(G36,1))=4,"manual",VALUE(RIGHT(G36,1))<=6,2*60/H36,VALUE(RIGHT(G36,1))=7,"manual",VALUE(RIGHT(G36,1))=8,3*60/H36,VALUE(RIGHT(G36,1))=9,"manual",VALUE(RIGHT(G36,1))<=11,4*60/H36) -> 0.19672131 | N36: 13
A37: ACR | B37: 43193 | C37: 43350 | D37: 43193 | E37: 43318 | F37: 43162 | G37: 43287 | H37: 780 | I37: =IFS(ISBLANK(C37)," ",VALUE(RIGHT(C37,1))<=1,"one-hit",VALUE(RIGHT(C37,1))<=3,1*60/H37,VALUE(RIGHT(C37,1))=4,"manual",VALUE(RIGHT(C37,1))<=6,2*60/H37,VALUE(RIGHT(C37,1))=7,"manual",VALUE(RIGHT(C37,1))=8,3*60/H37,VALUE(RIGHT(C37,1))=9,"manual",VALUE(RIGHT(C37,1))<=11,4*60/H37) -> manual | J37: =IFS(ISBLANK(E37)," ",VALUE(RIGHT(E37,1))<=1,"one-hit",VALUE(RIGHT(E37,1))<=3,1*60/H37,VALUE(RIGHT(E37,1))=4,"manual",VALUE(RIGHT(E37,1))<=6,2*60/H37,VALUE(RIGHT(E37,1))=7,"manual",VALUE(RIGHT(E37,1))=8,3*60/H37,VALUE(RIGHT(E37,1))=9,"manual",VALUE(RIGHT(E37,1))<=11,4*60/H37) -> 0.23076923 | K37: =IFS(ISBLANK(G37)," ",VALUE(RIGHT(G37,1))<=1,"one-hit",VALUE(RIGHT(G37,1))<=3,1*60/H37,VALUE(RIGHT(G37,1))=4,"manual",VALUE(RIGHT(G37,1))<=6,2*60/H37,VALUE(RIGHT(G37,1))=7,"manual",VALUE(RIGHT(G37,1))=8,3*60/H37,VALUE(RIGHT(G37,1))=9,"manual",VALUE(RIGHT(G37,1))<=11,4*60/H37) -> manual | N37: 14
A38: TAR-21 | D38: 43193 | E38: 43318 | F38: 43162 | G38: 43287 | H38: 832 | I38: =IFS(ISBLANK(C38)," ",VALUE(RIGHT(C38,1))<=1,"one-hit",VALUE(RIGHT(C38,1))<=3,1*60/H38,VALUE(RIGHT(C38,1))=4,"manual",VALUE(RIGHT(C38,1))<=6,2*60/H38,VALUE(RIGHT(C38,1))=7,"manual",VALUE(RIGHT(C38,1))=8,3*60/H38,VALUE(RIGHT(C38,1))=9,"manual",VALUE(RIGHT(C38,1))<=11,4*60/H38) | J38: =IFS(ISBLANK(E38)," ",VALUE(RIGHT(E38,1))<=1,"one-hit",VALUE(RIGHT(E38,1))<=3,1*60/H38,VALUE(RIGHT(E38,1))=4,"manual",VALUE(RIGHT(E38,1))<=6,2*60/H38,VALUE(RIGHT(E38,1))=7,"manual",VALUE(RIGHT(E38,1))=8,3*60/H38,VALUE(RIGHT(E38,1))=9,"manual",VALUE(RIGHT(E38,1))<=11,4*60/H38) -> 0.21634615 | K38: =IFS(ISBLANK(G38)," ",VALUE(RIGHT(G38,1))<=1,"one-hit",VALUE(RIGHT(G38,1))<=3,1*60/H38,VALUE(RIGHT(G38,1))=4,"manual",VALUE(RIGHT(G38,1))<=6,2*60/H38,VALUE(RIGHT(G38,1))=7,"manual",VALUE(RIGHT(G38,1))=8,3*60/H38,VALUE(RIGHT(G38,1))=9,"manual",VALUE(RIGHT(G38,1))<=11,4*60/H38) -> manual | N38: 15
A39: G36 | D39: 43162 | E39: 43287 | F39: 43162 | G39: 43287 | H39: 735 | I39: =IFS(ISBLANK(C39)," ",VALUE(RIGHT(C39,1))<=1,"one-hit",VALUE(RIGHT(C39,1))<=3,1*60/H39,VALUE(RIGHT(C39,1))=4,"manual",VALUE(RIGHT(C39,1))<=6,2*60/H39,VALUE(RIGHT(C39,1))=7,"manual",VALUE(RIGHT(C39,1))=8,3*60/H39,VALUE(RIGHT(C39,1))=9,"manual",VALUE(RIGHT(C39,1))<=11,4*60/H39) | J39: =IFS(ISBLANK(E39)," ",VALUE(RIGHT(E39,1))<=1,"one-hit",VALUE(RIGHT(E39,1))<=3,1*60/H39,VALUE(RIGHT(E39,1))=4,"manual",VALUE(RIGHT(E39,1))<=6,2*60/H39,VALUE(RIGHT(E39,1))=7,"manual",VALUE(RIGHT(E39,1))=8,3*60/H39,VALUE(RIGHT(E39,1))=9,"manual",VALUE(RIGHT(E39,1))<=11,4*60/H39) -> manual | K39: =IFS(ISBLANK(G39)," ",VALUE(RIGHT(G39,1))<=1,"one-hit",VALUE(RIGHT(G39,1))<=3,1*60/H39,VALUE(RIGHT(G39,1))=4,"manual",VALUE(RIGHT(G39,1))<=6,2*60/H39,VALUE(RIGHT(G39,1))=7,"manual",VALUE(RIGHT(G39,1))=8,3*60/H39,VALUE(RIGHT(G39,1))=9,"manual",VALUE(RIGHT(G39,1))<=11,4*60/H39) -> manual | N39: 16
A40: MDR | D40: 43193 | E40: 43318 | F40: 43162 | G40: 43287 | H40: 828 | I40: =IFS(ISBLANK(C40)," ",VALUE(RIGHT(C40,1))<=1,"one-hit",VALUE(RIGHT(C40,1))<=3,1*60/H40,VALUE(RIGHT(C40,1))=4,"manual",VALUE(RIGHT(C40,1))<=6,2*60/H40,VALUE(RIGHT(C40,1))=7,"manual",VALUE(RIGHT(C40,1))=8,3*60/H40,VALUE(RIGHT(C40,1))=9,"manual",VALUE(RIGHT(C40,1))<=11,4*60/H40) | J40: =IFS(ISBLANK(E40)," ",VALUE(RIGHT(E40,1))<=1,"one-hit",VALUE(RIGHT(E40,1))<=3,1*60/H40,VALUE(RIGHT(E40,1))=4,"manual",VALUE(RIGHT(E40,1))<=6,2*60/H40,VALUE(RIGHT(E40,1))=7,"manual",VALUE(RIGHT(E40,1))=8,3*60/H40,VALUE(RIGHT(E40,1))=9,"manual",VALUE(RIGHT(E40,1))<=11,4*60/H40) -> 0.2173913 | K40: =IFS(ISBLANK(G40)," ",VALUE(RIGHT(G40,1))<=1,"one-hit",VALUE(RIGHT(G40,1))<=3,1*60/H40,VALUE(RIGHT(G40,1))=4,"manual",VALUE(RIGHT(G40,1))<=6,2*60/H40,VALUE(RIGHT(G40,1))=7,"manual",VALUE(RIGHT(G40,1))=8,3*60/H40,VALUE(RIGHT(G40,1))=9,"manual",VALUE(RIGHT(G40,1))<=11,4*60/H40) -> manual | N40: 17
A41: M16 | D41: 43162 | E41: 43287 | H41: 686 | I41: =IFS(ISBLANK(C41)," ",VALUE(RIGHT(C41,1))<=1,"one-hit",VALUE(RIGHT(C41,1))<=3,1*60/H41,VALUE(RIGHT(C41,1))=4,"manual",VALUE(RIGHT(C41,1))<=6,2*60/H41,VALUE(RIGHT(C41,1))=7,"manual",VALUE(RIGHT(C41,1))=8,3*60/H41,VALUE(RIGHT(C41,1))=9,"manual",VALUE(RIGHT(C41,1))<=11,4*60/H41) | J41: =IFS(ISBLANK(E41)," ",VALUE(RIGHT(E41,1))<=1,"one-hit",VALUE(RIGHT(E41,1))<=3,1*60/H41,VALUE(RIGHT(E41,1))=4,"manual",VALUE(RIGHT(E41,1))<=6,2*60/H41,VALUE(RIGHT(E41,1))=7,"manual",VALUE(RIGHT(E41,1))=8,3*60/H41,VALUE(RIGHT(E41,1))=9,"manual",VALUE(RIGHT(E41,1))<=11,4*60/H41) -> manual | K41: =IFS(ISBLANK(G41)," ",VALUE(RIGHT(G41,1))<=1,"one-hit",VALUE(RIGHT(G41,1))<=3,1*60/H41,VALUE(RIGHT(G41,1))=4,"manual",VALUE(RIGHT(G41,1))<=6,2*60/H41,VALUE(RIGHT(G41,1))=7,"manual",VALUE(RIGHT(G41,1))=8,3*60/H41,VALUE(RIGHT(G41,1))=9,"manual",VALUE(RIGHT(G41,1))<=11,4*60/H41) | N41: 18
A42: Light Machine Guns | I42: =IFS(ISBLANK(C42)," ",VALUE(RIGHT(C42,1))<=1,"one-hit",VALUE(RIGHT(C42,1))<=3,1*60/H42,VALUE(RIGHT(C42,1))=4,"manual",VALUE(RIGHT(C42,1))<=6,2*60/H42,VALUE(RIGHT(C42,1))=7,"manual",VALUE(RIGHT(C42,1))=8,3*60/H42,VALUE(RIGHT(C42,1))=9,"manual",VALUE(RIGHT(C42,1))<=11,4*60/H42) | J42: =IFS(ISBLANK(E42)," ",VALUE(RIGHT(E42,1))<=1,"one-hit",VALUE(RIGHT(E42,1))<=3,1*60/H42,VALUE(RIGHT(E42,1))=4,"manual",VALUE(RIGHT(E42,1))<=6,2*60/H42,VALUE(RIGHT(E42,1))=7,"manual",VALUE(RIGHT(E42,1))=8,3*60/H42,VALUE(RIGHT(E42,1))=9,"manual",VALUE(RIGHT(E42,1))<=11,4*60/H42) | K42: =IFS(ISBLANK(G42)," ",VALUE(RIGHT(G42,1))<=1,"one-hit",VALUE(RIGHT(G42,1))<=3,1*60/H42,VALUE(RIGHT(G42,1))=4,"manual",VALUE(RIGHT(G42,1))<=6,2*60/H42,VALUE(RIGHT(G42,1))=7,"manual",VALUE(RIGHT(G42,1))=8,3*60/H42,VALUE(RIGHT(G42,1))=9,"manual",VALUE(RIGHT(G42,1))<=11,4*60/H42) | N42: 19
A43: MG121 (FA) | B43: 3 | C43: 8 | D43: 3 | E43: 7 | H43: 702 | I43: =IFS(ISBLANK(C43)," ",VALUE(RIGHT(C43,1))<=1,"one-hit",VALUE(RIGHT(C43,1))<=3,1*60/H43,VALUE(RIGHT(C43,1))=4,"manual",VALUE(RIGHT(C43,1))<=6,2*60/H43,VALUE(RIGHT(C43,1))=7,"manual",VALUE(RIGHT(C43,1))=8,3*60/H43,VALUE(RIGHT(C43,1))=9,"manual",VALUE(RIGHT(C43,1))<=11,4*60/H43) -> 0.25641026 | J43: =IFS(ISBLANK(E43)," ",VALUE(RIGHT(E43,1))<=1,"one-hit",VALUE(RIGHT(E43,1))<=3,1*60/H43,VALUE(RIGHT(E43,1))=4,"manual",VALUE(RIGHT(E43,1))<=6,2*60/H43,VALUE(RIGHT(E43,1))=7,"manual",VALUE(RIGHT(E43,1))=8,3*60/H43,VALUE(RIGHT(E43,1))=9,"manual",VALUE(RIGHT(E43,1))<=11,4*60/H43) -> manual | K43: =IFS(ISBLANK(G43)," ",VALUE(RIGHT(G43,1))<=1,"one-hit",VALUE(RIGHT(G43,1))<=3,1*60/H43,VALUE(RIGHT(G43,1))=4,"manual",VALUE(RIGHT(G43,1))<=6,2*60/H43,VALUE(RIGHT(G43,1))=7,"manual",VALUE(RIGHT(G43,1))=8,3*60/H43,VALUE(RIGHT(G43,1))=9,"manual",VALUE(RIGHT(G43,1))<=11,4*60/H43) | N43: 20
A44: Stoner (FA) | D44: 3 | E44: 5 | F44: 2 | G44: 5 | H44: 698 | I44: =IFS(ISBLANK(C44)," ",VALUE(RIGHT(C44,1))<=1,"one-hit",VALUE(RIGHT(C44,1))<=3,1*60/H44,VALUE(RIGHT(C44,1))=4,"manual",VALUE(RIGHT(C44,1))<=6,2*60/H44,VALUE(RIGHT(C44,1))=7,"manual",VALUE(RIGHT(C44,1))=8,3*60/H44,VALUE(RIGHT(C44,1))=9,"manual",VALUE(RIGHT(C44,1))<=11,4*60/H44) | J44: =IFS(ISBLANK(E44)," ",VALUE(RIGHT(E44,1))<=1,"one-hit",VALUE(RIGHT(E44,1))<=3,1*60/H44,VALUE(RIGHT(E44,1))=4,"manual",VALUE(RIGHT(E44,1))<=6,2*60/H44,VALUE(RIGHT(E44,1))=7,"manual",VALUE(RIGHT(E44,1))=8,3*60/H44,VALUE(RIGHT(E44,1))=9,"manual",VALUE(RIGHT(E44,1))<=11,4*60/H44) -> 0.17191977 | K44: =IFS(ISBLANK(G44)," ",VALUE(RIGHT(G44,1))<=1,"one-hit",VALUE(RIGHT(G44,1))<=3,1*60/H44,VALUE(RIGHT(G44,1))=4,"manual",VALUE(RIGHT(G44,1))<=6,2*60/H44,VALUE(RIGHT(G44,1))=7,"manual",VALUE(RIGHT(G44,1))=8,3*60/H44,VALUE(RIGHT(G44,1))=9,"manual",VALUE(RIGHT(G44,1))<=11,4*60/H44) -> 0.17191977 | N44: 21
A45: MK48 (FA) | D45: 3 | E45: 6 | F45: 3 | G45: 5 | H45: 698 | I45: =IFS(ISBLANK(C45)," ",VALUE(RIGHT(C45,1))<=1,"one-hit",VALUE(RIGHT(C45,1))<=3,1*60/H45,VALUE(RIGHT(C45,1))=4,"manual",VALUE(RIGHT(C45,1))<=6,2*60/H45,VALUE(RIGHT(C45,1))=7,"manual",VALUE(RIGHT(C45,1))=8,3*60/H45,VALUE(RIGHT(C45,1))=9,"manual",VALUE(RIGHT(C45,1))<=11,4*60/H45) | J45: =IFS(ISBLANK(E45)," ",VALUE(RIGHT(E45,1))<=1,"one-hit",VALUE(RIGHT(E45,1))<=3,1*60/H45,VALUE(RIGHT(E45,1))=4,"manual",VALUE(RIGHT(E45,1))<=6,2*60/H45,VALUE(RIGHT(E45,1))=7,"manual",VALUE(RIGHT(E45,1))=8,3*60/H45,VALUE(RIGHT(E45,1))=9,"manual",VALUE(RIGHT(E45,1))<=11,4*60/H45) -> 0.17191977 | K45: =IFS(ISBLANK(G45)," ",VALUE(RIGHT(G45,1))<=1,"one-hit",VALUE(RIGHT(G45,1))<=3,1*60/H45,VALUE(RIGHT(G45,1))=4,"manual",VALUE(RIGHT(G45,1))<=6,2*60/H45,VALUE(RIGHT(G45,1))=7,"manual",VALUE(RIGHT(G45,1))=8,3*60/H45,VALUE(RIGHT(G45,1))=9,"manual",VALUE(RIGHT(G45,1))<=11,4*60/H45) -> 0.17191977 | N45: 22
A46: Type85 (FA) | B46: 3 | C46: 7 | D46: 3 | E46: 6 | H46: 636 | I46: =IFS(ISBLANK(C46)," ",VALUE(RIGHT(C46,1))<=1,"one-hit",VALUE(RIGHT(C46,1))<=3,1*60/H46,VALUE(RIGHT(C46,1))=4,"manual",VALUE(RIGHT(C46,1))<=6,2*60/H46,VALUE(RIGHT(C46,1))=7,"manual",VALUE(RIGHT(C46,1))=8,3*60/H46,VALUE(RIGHT(C46,1))=9,"manual",VALUE(RIGHT(C46,1))<=11,4*60/H46) -> manual | J46: =IFS(ISBLANK(E46)," ",VALUE(RIGHT(E46,1))<=1,"one-hit",VALUE(RIGHT(E46,1))<=3,1*60/H46,VALUE(RIGHT(E46,1))=4,"manual",VALUE(RIGHT(E46,1))<=6,2*60/H46,VALUE(RIGHT(E46,1))=7,"manual",VALUE(RIGHT(E46,1))=8,3*60/H46,VALUE(RIGHT(E46,1))=9,"manual",VALUE(RIGHT(E46,1))<=11,4*60/H46) -> 0.18867925 | K46: =IFS(ISBLANK(G46)," ",VALUE(RIGHT(G46,1))<=1,"one-hit",VALUE(RIGHT(G46,1))<=3,1*60/H46,VALUE(RIGHT(G46,1))=4,"manual",VALUE(RIGHT(G46,1))<=6,2*60/H46,VALUE(RIGHT(G46,1))=7,"manual",VALUE(RIGHT(G46,1))=8,3*60/H46,VALUE(RIGHT(G46,1))=9,"manual",VALUE(RIGHT(G46,1))<=11,4*60/H46) | N46: 23
A47: 6P41 (FA) | D47: 2 | E47: 5 | F47: 2 | G47: 4 | H47: 590 | I47: =IFS(ISBLANK(C47)," ",VALUE(RIGHT(C47,1))<=1,"one-hit",VALUE(RIGHT(C47,1))<=3,1*60/H47,VALUE(RIGHT(C47,1))=4,"manual",VALUE(RIGHT(C47,1))<=6,2*60/H47,VALUE(RIGHT(C47,1))=7,"manual",VALUE(RIGHT(C47,1))=8,3*60/H47,VALUE(RIGHT(C47,1))=9,"manual",VALUE(RIGHT(C47,1))<=11,4*60/H47) | J47: =IFS(ISBLANK(E47)," ",VALUE(RIGHT(E47,1))<=1,"one-hit",VALUE(RIGHT(E47,1))<=3,1*60/H47,VALUE(RIGHT(E47,1))=4,"manual",VALUE(RIGHT(E47,1))<=6,2*60/H47,VALUE(RIGHT(E47,1))=7,"manual",VALUE(RIGHT(E47,1))=8,3*60/H47,VALUE(RIGHT(E47,1))=9,"manual",VALUE(RIGHT(E47,1))<=11,4*60/H47) -> 0.20338983 | K47: =IFS(ISBLANK(G47)," ",VALUE(RIGHT(G47,1))<=1,"one-hit",VALUE(RIGHT(G47,1))<=3,1*60/H47,VALUE(RIGHT(G47,1))=4,"manual",VALUE(RIGHT(G47,1))<=6,2*60/H47,VALUE(RIGHT(G47,1))=7,"manual",VALUE(RIGHT(G47,1))=8,3*60/H47,VALUE(RIGHT(G47,1))=9,"manual",VALUE(RIGHT(G47,1))<=11,4*60/H47) -> manual | N47: 24
A48: Mk249 (FA) | D48: 3 | E48: 7 | F48: 3 | G48: 7 | H48: 891 | I48: =IFS(ISBLANK(C48)," ",VALUE(RIGHT(C48,1))<=1,"one-hit",VALUE(RIGHT(C48,1))<=3,1*60/H48,VALUE(RIGHT(C48,1))=4,"manual",VALUE(RIGHT(C48,1))<=6,2*60/H48,VALUE(RIGHT(C48,1))=7,"manual",VALUE(RIGHT(C48,1))=8,3*60/H48,VALUE(RIGHT(C48,1))=9,"manual",VALUE(RIGHT(C48,1))<=11,4*60/H48) | J48: =3*60/H48 -> 0.2020202 | K48: =IFS(ISBLANK(G48)," ",VALUE(RIGHT(G48,1))<=1,"one-hit",VALUE(RIGHT(G48,1))<=3,1*60/H48,VALUE(RIGHT(G48,1))=4,"manual",VALUE(RIGHT(G48,1))<=6,2*60/H48,VALUE(RIGHT(G48,1))=7,"manual",VALUE(RIGHT(G48,1))=8,3*60/H48,VALUE(RIGHT(G48,1))=9,"manual",VALUE(RIGHT(G48,1))<=11,4*60/H48) -> manual | N48: 25
I49: =IFS(ISBLANK(C49)," ",VALUE(RIGHT(C49,1))<=1,"one-hit",VALUE(RIGHT(C49,1))<=3,1*60/H49,VALUE(RIGHT(C49,1))=4,"manual",VALUE(RIGHT(C49,1))<=6,2*60/H49,VALUE(RIGHT(C49,1))=7,"manual",VALUE(RIGHT(C49,1))=8,3*60/H49,VALUE(RIGHT(C49,1))=9,"manual",VALUE(RIGHT(C49,1))<=11,4*60/H49) | J49: =IFS(ISBLANK(E49)," ",VALUE(RIGHT(E49,1))<=1,"one-hit",VALUE(RIGHT(E49,1))<=3,1*60/H49,VALUE(RIGHT(E49,1))=4,"manual",VALUE(RIGHT(E49,1))<=6,2*60/H49,VALUE(RIGHT(E49,1))=7,"manual",VALUE(RIGHT(E49,1))=8,3*60/H49,VALUE(RIGHT(E49,1))=9,"manual",VALUE(RIGHT(E49,1))<=11,4*60/H49) | K49: =IFS(ISBLANK(G49)," ",VALUE(RIGHT(G49,1))<=1,"one-hit",VALUE(RIGHT(G49,1))<=3,1*60/H49,VALUE(RIGHT(G49,1))=4,"manual",VALUE(RIGHT(G49,1))<=6,2*60/H49,VALUE(RIGHT(G49,1))=7,"manual",VALUE(RIGHT(G49,1))=8,3*60/H49,VALUE(RIGHT(G49,1))=9,"manual",VALUE(RIGHT(G49,1))<=11,4*60/H49) | N49: 26
A50: Sub Machine Guns | I50: =IFS(ISBLANK(C50)," ",VALUE(RIGHT(C50,1))<=1,"one-hit",VALUE(RIGHT(C50,1))<=3,1*60/H50,VALUE(RIGHT(C50,1))=4,"manual",VALUE(RIGHT(C50,1))<=6,2*60/H50,VALUE(RIGHT(C50,1))=7,"manual",VALUE(RIGHT(C50,1))=8,3*60/H50,VALUE(RIGHT(C50,1))=9,"manual",VALUE(RIGHT(C50,1))<=11,4*60/H50) | J50: =IFS(ISBLANK(E50)," ",VALUE(RIGHT(E50,1))<=1,"one-hit",VALUE(RIGHT(E50,1))<=3,1*60/H50,VALUE(RIGHT(E50,1))=4,"manual",VALUE(RIGHT(E50,1))<=6,2*60/H50,VALUE(RIGHT(E50,1))=7,"manual",VALUE(RIGHT(E50,1))=8,3*60/H50,VALUE(RIGHT(E50,1))=9,"manual",VALUE(RIGHT(E50,1))<=11,4*60/H50) | K50: =IFS(ISBLANK(G50)," ",VALUE(RIGHT(G50,1))<=1,"one-hit",VALUE(RIGHT(G50,1))<=3,1*60/H50,VALUE(RIGHT(G50,1))=4,"manual",VALUE(RIGHT(G50,1))<=6,2*60/H50,VALUE(RIGHT(G50,1))=7,"manual",VALUE(RIGHT(G50,1))=8,3*60/H50,VALUE(RIGHT(G50,1))=9,"manual",VALUE(RIGHT(G50,1))<=11,4*60/H50) | N50: 27
A51: MP5 | D51: 43193 | E51: 43380 | F51: 43193 | G51: 43350 | H51: 780 | I51: =IFS(ISBLANK(C51)," ",VALUE(RIGHT(C51,1))<=1,"one-hit",VALUE(RIGHT(C51,1))<=3,1*60/H51,VALUE(RIGHT(C51,1))=4,"manual",VALUE(RIGHT(C51,1))<=6,2*60/H51,VALUE(RIGHT(C51,1))=7,"manual",VALUE(RIGHT(C51,1))=8,3*60/H51,VALUE(RIGHT(C51,1))=9,"manual",VALUE(RIGHT(C51,1))<=11,4*60/H51) | J51: =4*60/H51 -> 0.30769231 | K51: =IFS(ISBLANK(G51)," ",VALUE(RIGHT(G51,1))<=1,"one-hit",VALUE(RIGHT(G51,1))<=3,1*60/H51,VALUE(RIGHT(G51,1))=4,"manual",VALUE(RIGHT(G51,1))<=6,2*60/H51,VALUE(RIGHT(G51,1))=7,"manual",VALUE(RIGHT(G51,1))=8,3*60/H51,VALUE(RIGHT(G51,1))=9,"manual",VALUE(RIGHT(G51,1))<=11,4*60/H51) -> manual | N51: 28
A52: SR-635 | B52: 43161 | C52: 43256 | D52: 43161 | E52: 43225 | H52: 590 | I52: =IFS(ISBLANK(C52)," ",VALUE(RIGHT(C52,1))<=1,"one-hit",VALUE(RIGHT(C52,1))<=3,1*60/H52,VALUE(RIGHT(C52,1))=4,"manual",VALUE(RIGHT(C52,1))<=6,2*60/H52,VALUE(RIGHT(C52,1))=7,"manual",VALUE(RIGHT(C52,1))=8,3*60/H52,VALUE(RIGHT(C52,1))=9,"manual",VALUE(RIGHT(C52,1))<=11,4*60/H52) -> 0.20338983 | J52: =IFS(ISBLANK(E52)," ",VALUE(RIGHT(E52,1))<=1,"one-hit",VALUE(RIGHT(E52,1))<=3,1*60/H52,VALUE(RIGHT(E52,1))=4,"manual",VALUE(RIGHT(E52,1))<=6,2*60/H52,VALUE(RIGHT(E52,1))=7,"manual",VALUE(RIGHT(E52,1))=8,3*60/H52,VALUE(RIGHT(E52,1))=9,"manual",VALUE(RIGHT(E52,1))<=11,4*60/H52) -> 0.20338983 | K52: =IFS(ISBLANK(G52)," ",VALUE(RIGHT(G52,1))<=1,"one-hit",VALUE(RIGHT(G52,1))<=3,1*60/H52,VALUE(RIGHT(G52,1))=4,"manual",VALUE(RIGHT(G52,1))<=6,2*60/H52,VALUE(RIGHT(G52,1))=7,"manual",VALUE(RIGHT(G52,1))=8,3*60/H52,VALUE(RIGHT(G52,1))=9,"manual",VALUE(RIGHT(G52,1))<=11,4*60/H52)
A53: P90 | D53: 43193 | E53: 43319 | F53: 43162 | G53: 43287 | H53: 878 | I53: =IFS(ISBLANK(C53)," ",VALUE(RIGHT(C53,1))<=1,"one-hit",VALUE(RIGHT(C53,1))<=3,1*60/H53,VALUE(RIGHT(C53,1))=4,"manual",VALUE(RIGHT(C53,1))<=6,2*60/H53,VALUE(RIGHT(C53,1))=7,"manual",VALUE(RIGHT(C53,1))=8,3*60/H53,VALUE(RIGHT(C53,1))=9,"manual",VALUE(RIGHT(C53,1))<=11,4*60/H53) | J53: =IFS(ISBLANK(E53)," ",VALUE(RIGHT(E53,1))<=1,"one-hit",VALUE(RIGHT(E53,1))<=3,1*60/H53,VALUE(RIGHT(E53,1))=4,"manual",VALUE(RIGHT(E53,1))<=6,2*60/H53,VALUE(RIGHT(E53,1))=7,"manual",VALUE(RIGHT(E53,1))=8,3*60/H53,VALUE(RIGHT(E53,1))=9,"manual",VALUE(RIGHT(E53,1))<=11,4*60/H53) -> 0.20501139 | K53: =IFS(ISBLANK(G53)," ",VALUE(RIGHT(G53,1))<=1,"one-hit",VALUE(RIGHT(G53,1))<=3,1*60/H53,VALUE(RIGHT(G53,1))=4,"manual",VALUE(RIGHT(G53,1))<=6,2*60/H53,VALUE(RIGHT(G53,1))=7,"manual",VALUE(RIGHT(G53,1))=8,3*60/H53,VALUE(RIGHT(G53,1))=9,"manual",VALUE(RIGHT(G53,1))<=11,4*60/H53) -> manual
A54: PP19 | D54: 43193 | E54: 43319 | F54: 43162 | G54: 43287 | H54: 685 | I54: =IFS(ISBLANK(C54)," ",VALUE(RIGHT(C54,1))<=1,"one-hit",VALUE(RIGHT(C54,1))<=3,1*60/H54,VALUE(RIGHT(C54,1))=4,"manual",VALUE(RIGHT(C54,1))<=6,2*60/H54,VALUE(RIGHT(C54,1))=7,"manual",VALUE(RIGHT(C54,1))=8,3*60/H54,VALUE(RIGHT(C54,1))=9,"manual",VALUE(RIGHT(C54,1))<=11,4*60/H54) | J54: =IFS(ISBLANK(E54)," ",VALUE(RIGHT(E54,1))<=1,"one-hit",VALUE(RIGHT(E54,1))<=3,1*60/H54,VALUE(RIGHT(E54,1))=4,"manual",VALUE(RIGHT(E54,1))<=6,2*60/H54,VALUE(RIGHT(E54,1))=7,"manual",VALUE(RIGHT(E54,1))=8,3*60/H54,VALUE(RIGHT(E54,1))=9,"manual",VALUE(RIGHT(E54,1))<=11,4*60/H54) -> 0.26277372 | K54: =IFS(ISBLANK(G54)," ",VALUE(RIGHT(G54,1))<=1,"one-hit",VALUE(RIGHT(G54,1))<=3,1*60/H54,VALUE(RIGHT(G54,1))=4,"manual",VALUE(RIGHT(G54,1))<=6,2*60/H54,VALUE(RIGHT(G54,1))=7,"manual",VALUE(RIGHT(G54,1))=8,3*60/H54,VALUE(RIGHT(G54,1))=9,"manual",VALUE(RIGHT(G54,1))<=11,4*60/H54) -> manual
A55: PDR | B55: 43194 | C55: 43381 | D55: 43193 | E55: 43350 | H55: 730 | I55: =IFS(ISBLANK(C55)," ",VALUE(RIGHT(C55,1))<=1,"one-hit",VALUE(RIGHT(C55,1))<=3,1*60/H55,VALUE(RIGHT(C55,1))=4,"manual",VALUE(RIGHT(C55,1))<=6,2*60/H55,VALUE(RIGHT(C55,1))=7,"manual",VALUE(RIGHT(C55,1))=8,3*60/H55,VALUE(RIGHT(C55,1))=9,"manual",VALUE(RIGHT(C55,1))<=11,4*60/H55) -> one-hit | J55: =IFS(ISBLANK(E55)," ",VALUE(RIGHT(E55,1))<=1,"one-hit",VALUE(RIGHT(E55,1))<=3,1*60/H55,VALUE(RIGHT(E55,1))=4,"manual",VALUE(RIGHT(E55,1))<=6,2*60/H55,VALUE(RIGHT(E55,1))=7,"manual",VALUE(RIGHT(E55,1))=8,3*60/H55,VALUE(RIGHT(E55,1))=9,"manual",VALUE(RIGHT(E55,1))<=11,4*60/H55) -> manual | K55: =4*60/H55 -> 0.32876712
A56: Mp7 | D56: 43224 | E56: 43381 | F56: 43193 | G56: 43380 | H56: 923 | I56: =IFS(ISBLANK(C56)," ",VALUE(RIGHT(C56,1))<=1,"one-hit",VALUE(RIGHT(C56,1))<=3,1*60/H56,VALUE(RIGHT(C56,1))=4,"manual",VALUE(RIGHT(C56,1))<=6,2*60/H56,VALUE(RIGHT(C56,1))=7,"manual",VALUE(RIGHT(C56,1))=8,3*60/H56,VALUE(RIGHT(C56,1))=9,"manual",VALUE(RIGHT(C56,1))<=11,4*60/H56) | J56: =4*60/H56 -> 0.26002167 | K56: =J56 -> 0.26002167
A57: MPX | D57: 43193 | E57: 43319 | F57: 43162 | G57: 43287 | H57: 828 | I57: =IFS(ISBLANK(C57)," ",VALUE(RIGHT(C57,1))<=1,"one-hit",VALUE(RIGHT(C57,1))<=3,1*60/H57,VALUE(RIGHT(C57,1))=4,"manual",VALUE(RIGHT(C57,1))<=6,2*60/H57,VALUE(RIGHT(C57,1))=7,"manual",VALUE(RIGHT(C57,1))=8,3*60/H57,VALUE(RIGHT(C57,1))=9,"manual",VALUE(RIGHT(C57,1))<=11,4*60/H57) | J57: =IFS(ISBLANK(E57)," ",VALUE(RIGHT(E57,1))<=1,"one-hit",VALUE(RIGHT(E57,1))<=3,1*60/H57,VALUE(RIGHT(E57,1))=4,"manual",VALUE(RIGHT(E57,1))<=6,2*60/H57,VALUE(RIGHT(E57,1))=7,"manual",VALUE(RIGHT(E57,1))=8,3*60/H57,VALUE(RIGHT(E57,1))=9,"manual",VALUE(RIGHT(E57,1))<=11,4*60/H57) -> 0.2173913 | K57: =IFS(ISBLANK(G57)," ",VALUE(RIGHT(G57,1))<=1,"one-hit",VALUE(RIGHT(G57,1))<=3,1*60/H57,VALUE(RIGHT(G57,1))=4,"manual",VALUE(RIGHT(G57,1))<=6,2*60/H57,VALUE(RIGHT(G57,1))=7,"manual",VALUE(RIGHT(G57,1))=8,3*60/H57,VALUE(RIGHT(G57,1))=9,"manual",VALUE(RIGHT(G57,1))<=11,4*60/H57) -> manual
A58: PSG | D58: 43193 | E58: 43318 | F58: 43162 | G58: 43287 | H58: 780 | I58: =IFS(ISBLANK(C58)," ",VALUE(RIGHT(C58,1))<=1,"one-hit",VALUE(RIGHT(C58,1))<=3,1*60/H58,VALUE(RIGHT(C58,1))=4,"manual",VALUE(RIGHT(C58,1))<=6,2*60/H58,VALUE(RIGHT(C58,1))=7,"manual",VALUE(RIGHT(C58,1))=8,3*60/H58,VALUE(RIGHT(C58,1))=9,"manual",VALUE(RIGHT(C58,1))<=11,4*60/H58) | J58: =IFS(ISBLANK(E58)," ",VALUE(RIGHT(E58,1))<=1,"one-hit",VALUE(RIGHT(E58,1))<=3,1*60/H58,VALUE(RIGHT(E58,1))=4,"manual",VALUE(RIGHT(E58,1))<=6,2*60/H58,VALUE(RIGHT(E58,1))=7,"manual",VALUE(RIGHT(E58,1))=8,3*60/H58,VALUE(RIGHT(E58,1))=9,"manual",VALUE(RIGHT(E58,1))<=11,4*60/H58) -> 0.23076923 | K58: =IFS(ISBLANK(G58)," ",VALUE(RIGHT(G58,1))<=1,"one-hit",VALUE(RIGHT(G58,1))<=3,1*60/H58,VALUE(RIGHT(G58,1))=4,"manual",VALUE(RIGHT(G58,1))<=6,2*60/H58,VALUE(RIGHT(G58,1))=7,"manual",VALUE(RIGHT(G58,1))=8,3*60/H58,VALUE(RIGHT(G58,1))=9,"manual",VALUE(RIGHT(G58,1))<=11,4*60/H58) -> manual
A59: 9mm C1 (FA) | D59: 2 | E59: 5 | F59: 2 | G59: 5 | H59: 538 | I59: =IFS(ISBLANK(C59)," ",VALUE(RIGHT(C59,1))<=1,"one-hit",VALUE(RIGHT(C59,1))<=3,1*60/H59,VALUE(RIGHT(C59,1))=4,"manual",VALUE(RIGHT(C59,1))<=6,2*60/H59,VALUE(RIGHT(C59,1))=7,"manual",VALUE(RIGHT(C59,1))=8,3*60/H59,VALUE(RIGHT(C59,1))=9,"manual",VALUE(RIGHT(C59,1))<=11,4*60/H59) | J59: =IFS(ISBLANK(E59)," ",VALUE(RIGHT(E59,1))<=1,"one-hit",VALUE(RIGHT(E59,1))<=3,1*60/H59,VALUE(RIGHT(E59,1))=4,"manual",VALUE(RIGHT(E59,1))<=6,2*60/H59,VALUE(RIGHT(E59,1))=7,"manual",VALUE(RIGHT(E59,1))=8,3*60/H59,VALUE(RIGHT(E59,1))=9,"manual",VALUE(RIGHT(E59,1))<=11,4*60/H59) -> 0.22304833 | K59: =IFS(ISBLANK(G59)," ",VALUE(RIGHT(G59,1))<=1,"one-hit",VALUE(RIGHT(G59,1))<=3,1*60/H59,VALUE(RIGHT(G59,1))=4,"manual",VALUE(RIGHT(G59,1))<=6,2*60/H59,VALUE(RIGHT(G59,1))=7,"manual",VALUE(RIGHT(G59,1))=8,3*60/H59,VALUE(RIGHT(G59,1))=9,"manual",VALUE(RIGHT(G59,1))<=11,4*60/H59) -> 0.22304833
A60: 9x19 VSN | D60: 43162 | E60: 43287 | F60: 43162 | G60: 43286 | H60: 682 | I60: =IFS(ISBLANK(C60)," ",VALUE(RIGHT(C60,1))<=1,"one-hit",VALUE(RIGHT(C60,1))<=3,1*60/H60,VALUE(RIGHT(C60,1))=4,"manual",VALUE(RIGHT(C60,1))<=6,2*60/H60,VALUE(RIGHT(C60,1))=7,"manual",VALUE(RIGHT(C60,1))=8,3*60/H60,VALUE(RIGHT(C60,1))=9,"manual",VALUE(RIGHT(C60,1))<=11,4*60/H60) | J60: =IFS(ISBLANK(E60)," ",VALUE(RIGHT(E60,1))<=1,"one-hit",VALUE(RIGHT(E60,1))<=3,1*60/H60,VALUE(RIGHT(E60,1))=4,"manual",VALUE(RIGHT(E60,1))<=6,2*60/H60,VALUE(RIGHT(E60,1))=7,"manual",VALUE(RIGHT(E60,1))=8,3*60/H60,VALUE(RIGHT(E60,1))=9,"manual",VALUE(RIGHT(E60,1))<=11,4*60/H60) -> manual | K60: =IFS(ISBLANK(G60)," ",VALUE(RIGHT(G60,1))<=1,"one-hit",VALUE(RIGHT(G60,1))<=3,1*60/H60,VALUE(RIGHT(G60,1))=4,"manual",VALUE(RIGHT(G60,1))<=6,2*60/H60,VALUE(RIGHT(G60,1))=7,"manual",VALUE(RIGHT(G60,1))=8,3*60/H60,VALUE(RIGHT(G60,1))=9,"manual",VALUE(RIGHT(G60,1))<=11,4*60/H60) -> manual
A61: Scorpion Evo 3 | D61: 43224 | E61: 43444 | F61: 43224 | G61: 43382 | H61: 1111 | I61: =IFS(ISBLANK(C61)," ",VALUE(RIGHT(C61,1))<=1,"one-hit",VALUE(RIGHT(C61,1))<=3,1*60/H61,VALUE(RIGHT(C61,1))=4,"manual",VALUE(RIGHT(C61,1))<=6,2*60/H61,VALUE(RIGHT(C61,1))=7,"manual",VALUE(RIGHT(C61,1))=8,3*60/H61,VALUE(RIGHT(C61,1))=9,"manual",VALUE(RIGHT(C61,1))<=11,4*60/H61) | K61: =4*60/H61 -> 0.2160216
A62: Vector .45 ACP | B62: 43224 | C62: 43443 | D62: 43224 | E62: 43381 | H62: 1137 | J62: =4*60/H62 -> 0.21108179 | K62: =IFS(ISBLANK(G62)," ",VALUE(RIGHT(G62,1))<=1,"one-hit",VALUE(RIGHT(G62,1))<=3,1*60/H62,VALUE(RIGHT(G62,1))=4,"manual",VALUE(RIGHT(G62,1))<=6,2*60/H62,VALUE(RIGHT(G62,1))=7,"manual",VALUE(RIGHT(G62,1))=8,3*60/H62,VALUE(RIGHT(G62,1))=9,"manual",VALUE(RIGHT(G62,1))<=11,4*60/H62)
I63: =IFS(ISBLANK(C63)," ",VALUE(RIGHT(C63,1))<=1,"one-hit",VALUE(RIGHT(C63,1))<=3,1*60/H63,VALUE(RIGHT(C63,1))=4,"manual",VALUE(RIGHT(C63,1))<=6,2*60/H63,VALUE(RIGHT(C63,1))=7,"manual",VALUE(RIGHT(C63,1))=8,3*60/H63,VALUE(RIGHT(C63,1))=9,"manual",VALUE(RIGHT(C63,1))<=11,4*60/H63) | J63: =IFS(ISBLANK(E63)," ",VALUE(RIGHT(E63,1))<=1,"one-hit",VALUE(RIGHT(E63,1))<=3,1*60/H63,VALUE(RIGHT(E63,1))=4,"manual",VALUE(RIGHT(E63,1))<=6,2*60/H63,VALUE(RIGHT(E63,1))=7,"manual",VALUE(RIGHT(E63,1))=8,3*60/H63,VALUE(RIGHT(E63,1))=9,"manual",VALUE(RIGHT(E63,1))<=11,4*60/H63) | K63: =IFS(ISBLANK(G63)," ",VALUE(RIGHT(G63,1))<=1,"one-hit",VALUE(RIGHT(G63,1))<=3,1*60/H63,VALUE(RIGHT(G63,1))=4,"manual",VALUE(RIGHT(G63,1))<=6,2*60/H63,VALUE(RIGHT(G63,1))=7,"manual",VALUE(RIGHT(G63,1))=8,3*60/H63,VALUE(RIGHT(G63,1))=9,"manual",VALUE(RIGHT(G63,1))<=11,4*60/H63)
A64: Shotguns | I64: =IFS(ISBLANK(C64)," ",VALUE(RIGHT(C64,1))<=1,"one-hit",VALUE(RIGHT(C64,1))<=3,1*60/H64,VALUE(RIGHT(C64,1))=4,"manual",VALUE(RIGHT(C64,1))<=6,2*60/H64,VALUE(RIGHT(C64,1))=7,"manual",VALUE(RIGHT(C64,1))=8,3*60/H64,VALUE(RIGHT(C64,1))=9,"manual",VALUE(RIGHT(C64,1))<=11,4*60/H64) | J64: =IFS(ISBLANK(E64)," ",VALUE(RIGHT(E64,1))<=1,"one-hit",VALUE(RIGHT(E64,1))<=3,1*60/H64,VALUE(RIGHT(E64,1))=4,"manual",VALUE(RIGHT(E64,1))<=6,2*60/H64,VALUE(RIGHT(E64,1))=7,"manual",VALUE(RIGHT(E64,1))=8,3*60/H64,VALUE(RIGHT(E64,1))=9,"manual",VALUE(RIGHT(E64,1))<=11,4*60/H64) | K64: =IFS(ISBLANK(G64)," ",VALUE(RIGHT(G64,1))<=1,"one-hit",VALUE(RIGHT(G64,1))<=3,1*60/H64,VALUE(RIGHT(G64,1))=4,"manual",VALUE(RIGHT(G64,1))<=6,2*60/H64,VALUE(RIGHT(G64,1))=7,"manual",VALUE(RIGHT(G64,1))=8,3*60/H64,VALUE(RIGHT(G64,1))=9,"manual",VALUE(RIGHT(G64,1))<=11,4*60/H64)
A65: Super Shorty | D65: 1 | E65: 1 | F65: 1 | G65: 1 | I65: =IFS(ISBLANK(C65)," ",VALUE(RIGHT(C65,1))<=1,"one-hit",VALUE(RIGHT(C65,1))<=3,1*60/H65,VALUE(RIGHT(C65,1))=4,"manual",VALUE(RIGHT(C65,1))<=6,2*60/H65,VALUE(RIGHT(C65,1))=7,"manual",VALUE(RIGHT(C65,1))=8,3*60/H65,VALUE(RIGHT(C65,1))=9,"manual",VALUE(RIGHT(C65,1))<=11,4*60/H65) | J65: =IFS(ISBLANK(E65)," ",VALUE(RIGHT(E65,1))<=1,"one-hit",VALUE(RIGHT(E65,1))<=3,1*60/H65,VALUE(RIGHT(E65,1))=4,"manual",VALUE(RIGHT(E65,1))<=6,2*60/H65,VALUE(RIGHT(E65,1))=7,"manual",VALUE(RIGHT(E65,1))=8,3*60/H65,VALUE(RIGHT(E65,1))=9,"manual",VALUE(RIGHT(E65,1))<=11,4*60/H65) -> one-hit | K65: =IFS(ISBLANK(G65)," ",VALUE(RIGHT(G65,1))<=1,"one-hit",VALUE(RIGHT(G65,1))<=3,1*60/H65,VALUE(RIGHT(G65,1))=4,"manual",VALUE(RIGHT(G65,1))<=6,2*60/H65,VALUE(RIGHT(G65,1))=7,"manual",VALUE(RIGHT(G65,1))=8,3*60/H65,VALUE(RIGHT(G65,1))=9,"manual",VALUE(RIGHT(G65,1))<=11,4*60/H65) -> one-hit
A66: SASG-12 | D66: 1 | E66: 43133 | F66: 1 | G66: 43133 | H66: 300 | I66: =IFS(ISBLANK(C66)," ",VALUE(RIGHT(C66,1))<=1,"one-hit",VALUE(RIGHT(C66,1))<=3,1*60/H66,VALUE(RIGHT(C66,1))=4,"manual",VALUE(RIGHT(C66,1))<=6,2*60/H66,VALUE(RIGHT(C66,1))=7,"manual",VALUE(RIGHT(C66,1))=8,3*60/H66,VALUE(RIGHT(C66,1))=9,"manual",VALUE(RIGHT(C66,1))<=11,4*60/H66) | J66: =IFS(ISBLANK(E66)," ",VALUE(RIGHT(E66,1))<=1,"one-hit",VALUE(RIGHT(E66,1))<=3,1*60/H66,VALUE(RIGHT(E66,1))=4,"manual",VALUE(RIGHT(E66,1))<=6,2*60/H66,VALUE(RIGHT(E66,1))=7,"manual",VALUE(RIGHT(E66,1))=8,3*60/H66,VALUE(RIGHT(E66,1))=9,"manual",VALUE(RIGHT(E66,1))<=11,4*60/H66) -> 0.2 | K66: =IFS(ISBLANK(G66)," ",VALUE(RIGHT(G66,1))<=1,"one-hit",VALUE(RIGHT(G66,1))<=3,1*60/H66,VALUE(RIGHT(G66,1))=4,"manual",VALUE(RIGHT(G66,1))<=6,2*60/H66,VALUE(RIGHT(G66,1))=7,"manual",VALUE(RIGHT(G66,1))=8,3*60/H66,VALUE(RIGHT(G66,1))=9,"manual",VALUE(RIGHT(G66,1))<=11,4*60/H66) -> 0.2
A67: SPAS | B67: 1 | C67: 1 | D67: 1 | E67: 1 | F67: 1 | G67: 1 | I67: =IFS(ISBLANK(C67)," ",VALUE(RIGHT(C67,1))<=1,"one-hit",VALUE(RIGHT(C67,1))<=3,1*60/H67,VALUE(RIGHT(C67,1))=4,"manual",VALUE(RIGHT(C67,1))<=6,2*60/H67,VALUE(RIGHT(C67,1))=7,"manual",VALUE(RIGHT(C67,1))=8,3*60/H67,VALUE(RIGHT(C67,1))=9,"manual",VALUE(RIGHT(C67,1))<=11,4*60/H67) -> one-hit | J67: =IFS(ISBLANK(E67)," ",VALUE(RIGHT(E67,1))<=1,"one-hit",VALUE(RIGHT(E67,1))<=3,1*60/H67,VALUE(RIGHT(E67,1))=4,"manual",VALUE(RIGHT(E67,1))<=6,2*60/H67,VALUE(RIGHT(E67,1))=7,"manual",VALUE(RIGHT(E67,1))=8,3*60/H67,VALUE(RIGHT(E67,1))=9,"manual",VALUE(RIGHT(E67,1))<=11,4*60/H67) -> one-hit | K67: =IFS(ISBLANK(G67)," ",VALUE(RIGHT(G67,1))<=1,"one-hit",VALUE(RIGHT(G67,1))<=3,1*60/H67,VALUE(RIGHT(G67,1))=4,"manual",VALUE(RIGHT(G67,1))<=6,2*60/H67,VALUE(RIGHT(G67,1))=7,"manual",VALUE(RIGHT(G67,1))=8,3*60/H67,VALUE(RIGHT(G67,1))=9,"manual",VALUE(RIGHT(G67,1))<=11,4*60/H67) -> one-hit
A68: Wilderness | D68: 1 | E68: 1 | I68: =IFS(ISBLANK(C68)," ",VALUE(RIGHT(C68,1))<=1,"one-hit",VALUE(RIGHT(C68,1))<=3,1*60/H68,VALUE(RIGHT(C68,1))=4,"manual",VALUE(RIGHT(C68,1))<=6,2*60/H68,VALUE(RIGHT(C68,1))=7,"manual",VALUE(RIGHT(C68,1))=8,3*60/H68,VALUE(RIGHT(C68,1))=9,"manual",VALUE(RIGHT(C68,1))<=11,4*60/H68) | J68: =IFS(ISBLANK(E68)," ",VALUE(RIGHT(E68,1))<=1,"one-hit",VALUE(RIGHT(E68,1))<=3,1*60/H68,VALUE(RIGHT(E68,1))=4,"manual",VALUE(RIGHT(E68,1))<=6,2*60/H68,VALUE(RIGHT(E68,1))=7,"manual",VALUE(RIGHT(E68,1))=8,3*60/H68,VALUE(RIGHT(E68,1))=9,"manual",VALUE(RIGHT(E68,1))<=11,4*60/H68) -> one-hit | K68: =IFS(ISBLANK(G68)," ",VALUE(RIGHT(G68,1))<=1,"one-hit",VALUE(RIGHT(G68,1))<=3,1*60/H68,VALUE(RIGHT(G68,1))=4,"manual",VALUE(RIGHT(G68,1))<=6,2*60/H68,VALUE(RIGHT(G68,1))=7,"manual",VALUE(RIGHT(G68,1))=8,3*60/H68,VALUE(RIGHT(G68,1))=9,"manual",VALUE(RIGHT(G68,1))<=11,4*60/H68)
A69: Ice-shard | D69: 1 | E69: 1 | I69: =IFS(ISBLANK(C69)," ",VALUE(RIGHT(C69,1))<=1,"one-hit",VALUE(RIGHT(C69,1))<=3,1*60/H69,VALUE(RIGHT(C69,1))=4,"manual",VALUE(RIGHT(C69,1))<=6,2*60/H69,VALUE(RIGHT(C69,1))=7,"manual",VALUE(RIGHT(C69,1))=8,3*60/H69,VALUE(RIGHT(C69,1))=9,"manual",VALUE(RIGHT(C69,1))<=11,4*60/H69) | J69: =IFS(ISBLANK(E69)," ",VALUE(RIGHT(E69,1))<=1,"one-hit",VALUE(RIGHT(E69,1))<=3,1*60/H69,VALUE(RIGHT(E69,1))=4,"manual",VALUE(RIGHT(E69,1))<=6,2*60/H69,VALUE(RIGHT(E69,1))=7,"manual",VALUE(RIGHT(E69,1))=8,3*60/H69,VALUE(RIGHT(E69,1))=9,"manual",VALUE(RIGHT(E69,1))<=11,4*60/H69) -> one-hit | K69: =IFS(ISBLANK(G69)," ",VALUE(RIGHT(G69,1))<=1,"one-hit",VALUE(RIGHT(G69,1))<=3,1*60/H69,VALUE(RIGHT(G69,1))=4,"manual",VALUE(RIGHT(G69,1))<=6,2*60/H69,VALUE(RIGHT(G69,1))=7,"manual",VALUE(RIGHT(G69,1))=8,3*60/H69,VALUE(RIGHT(G69,1))=9,"manual",VALUE(RIGHT(G69,1))<=11,4*60/H69)
A70: Secondaries | I70: =IFS(ISBLANK(C70)," ",VALUE(RIGHT(C70,1))<=1,"one-hit",VALUE(RIGHT(C70,1))<=3,1*60/H70,VALUE(RIGHT(C70,1))=4,"manual",VALUE(RIGHT(C70,1))<=6,2*60/H70,VALUE(RIGHT(C70,1))=7,"manual",VALUE(RIGHT(C70,1))=8,3*60/H70,VALUE(RIGHT(C70,1))=9,"manual",VALUE(RIGHT(C70,1))<=11,4*60/H70) | J70: =IFS(ISBLANK(E70)," ",VALUE(RIGHT(E70,1))<=1,"one-hit",VALUE(RIGHT(E70,1))<=3,1*60/H70,VALUE(RIGHT(E70,1))=4,"manual",VALUE(RIGHT(E70,1))<=6,2*60/H70,VALUE(RIGHT(E70,1))=7,"manual",VALUE(RIGHT(E70,1))=8,3*60/H70,VALUE(RIGHT(E70,1))=9,"manual",VALUE(RIGHT(E70,1))<=11,4*60/H70) | K70: =IFS(ISBLANK(G70)," ",VALUE(RIGHT(G70,1))<=1,"one-hit",VALUE(RIGHT(G70,1))<=3,1*60/H70,VALUE(RIGHT(G70,1))=4,"manual",VALUE(RIGHT(G70,1))<=6,2*60/H70,VALUE(RIGHT(G70,1))=7,"manual",VALUE(RIGHT(G70,1))=8,3*60/H70,VALUE(RIGHT(G70,1))=9,"manual",VALUE(RIGHT(G70,1))<=11,4*60/H70)
A71: P45T | D71: 4 | E71: 8
A72: 5.7 USG | D72: 3 | E72: 7
A73: M1911 | D73: 3 | E73: 7
A74: P12 | D74: 3 | E74: 7
A75: P227 | D75: 3 | E75: 7
A76: D50 | D76: 2 | E76: 3
A77: Peacemaker | D77: 2 | E77: 3
A78: .357 Joker | D78: 2 | E78: 3
A79: BFF | D79: 1 | E79: 3
A80: SMG-11 (FA) | D80: 10 | E80: 21 | H80: 1160 | I80: =IFS(ISBLANK(C80)," ",VALUE(RIGHT(C80,1))<=1,"one-hit",VALUE(RIGHT(C80,1))<=3,1*60/H80,VALUE(RIGHT(C80,1))=4,"manual",VALUE(RIGHT(C80,1))<=6,2*60/H80,VALUE(RIGHT(C80,1))=7,"manual",VALUE(RIGHT(C80,1))=8,3*6/H80,VALUE(RIGHT(C80,1))=9,"manual",VALUE(RIGHT(C80,1))<=11,4*60/H80) | K80: =IFS(ISBLANK(G80)," ",VALUE(RIGHT(G80,1))<=1,"one-hit",VALUE(RIGHT(G80,1))<=3,1*60/H80,VALUE(RIGHT(G80,1))=4,"manual",VALUE(RIGHT(G80,1))<=6,2*60/H80,VALUE(RIGHT(G80,1))=7,"manual",VALUE(RIGHT(G80,1))=8,3*6/H80,VALUE(RIGHT(G80,1))=9,"manual",VALUE(RIGHT(G80,1))<=11,4*60/H80)
A81: Scorpion (FA) | D81: 7 | E81: 15 | H81: 885 | I81: =IFS(ISBLANK(C81)," ",VALUE(RIGHT(C81,1))<=1,"one-hit",VALUE(RIGHT(C81,1))<=3,1*60/H81,VALUE(RIGHT(C81,1))=4,"manual",VALUE(RIGHT(C81,1))<=6,2*60/H81,VALUE(RIGHT(C81,1))=7,"manual",VALUE(RIGHT(C81,1))=8,3*6/H81,VALUE(RIGHT(C81,1))=9,"manual",VALUE(RIGHT(C81,1))<=11,4*60/H81) | K81: =IFS(ISBLANK(G81)," ",VALUE(RIGHT(G81,1))<=1,"one-hit",VALUE(RIGHT(G81,1))<=3,1*60/H81,VALUE(RIGHT(G81,1))=4,"manual",VALUE(RIGHT(G81,1))<=6,2*60/H81,VALUE(RIGHT(G81,1))=7,"manual",VALUE(RIGHT(G81,1))=8,3*6/H81,VALUE(RIGHT(G81,1))=9,"manual",VALUE(RIGHT(G81,1))<=11,4*60/H81)

Sheet RAW Shot to kill
C1: SB Reg 5 | F1: SB He 5 | I1: Uni Reg 5 | L1: Uni He 5 | O1: T1 SB Reg 5 | R1: T1 SB He 5 | U1: T1 Uni Reg 5 | X1: T1 Uni He 5
C2: Head | D2: Body | E2: Foot | F2: Head | G2: Body | H2: Foot | I2: Head | J2: Body | K2: Foot | L2: Head | M2: Body | N2: Foot | O2: Head | P2: Body | Q2: Foot | R2: Head | S2: Body | T2: Foot | U2: Head | V2: Body | W2: Foot | X2: Head | Y2: Body | Z2: Foot
B3: LB | C3: 1 | D3: 1 | E3: 2 | F3: 1 | G3: 1 | H3: 2 | I3: 1 | J3: 1 | K3: 2 | L3: 1 | M3: 1 | N3: 2 | O3: 1 | P3: 2 | Q3: 3 | R3: 1 | S3: 2 | T3: 4 | U3: 1 | V3: 2 | W3: 3 | X3: 1 | Y3: 2 | Z3: 4
A4: M40A5 | B4: MB | C4: 1 | D4: 1 | E4: 2 | F4: 1 | G4: 2 | H4: 3 | I4: 1 | J4: 2 | K4: 2 | L4: 1 | M4: 2 | N4: 3 | O4: 1 | P4: 2 | R4: 1 | S4: 2 | T4: 4 | U4: 1 | V4: 2 | W4: 3 | X4: 1 | Y4: 2 | Z4: 4
B5: SB | C5: 1 | D5: 1 | E5: 2 | F5: 1 | G5: 2 | H5: 3 | I5: 1 | J5: 2 | K5: 2 | L5: 1 | M5: 2 | N5: 3 | O5: 1 | P5: 2 | R5: 1 | S5: 2 | T5: 4 | U5: 1 | V5: 2 | W5: 4 | X5: 1 | Y5: 2 | Z5: 4
A6: M1891 | B6: LB | C6: 1 | D6: 1 | E6: 2 | F6: 1 | G6: 1 | H6: 2 | I6: 1 | J6: 1 | K6: 2 | L6: 1 | M6: 1 | N6: 2 | O6: 1 | P6: 2 | Q6: 3 | R6: 1 | S6: 2 | T6: 3 | U6: 1 | V6: 2 | W6: 3 | X6: 1 | Y6: 2 | Z6: 3
B7: MB | C7: 1 | D7: 1 | E7: 2 | F7: 1 | G7: 1 | H7: 2 | I7: 1 | J7: 1 | K7: 2 | L7: 1 | M7: 1 | N7: 2 | O7: 1 | P7: 2 | Q7: 3 | R7: 1 | S7: 2 | T7: 3 | U7: 1 | V7: 2 | W7: 3 | X7: 1 | Y7: 2 | Z7: 4
A8: SRSA1 | B8: LB | C8: =CEILING(O8/2,1) -> 1 | D8: =CEILING(P8/2,1) -> 1 | E8: 2 | F8: =CEILING(R8/2,1) -> 1 | G8: =CEILING(S8/2,1) -> 1 | I8: =CEILING(U8/2,1) -> 1 | J8: =CEILING(V8/2,1) -> 1 | L8: =CEILING(X8/2,1) -> 1 | M8: =CEILING(Y8/2,1) -> 1 | O8: 1 | P8: 1 | Q8: 2 | R8: 1 | S8: 2 | U8: 1 | V8: 2 | X8: 1 | Y8: 2
B9: MB | C9: =CEILING(O9/2,1) -> 1 | D9: =CEILING(P9/2,1) -> 1 | E9: 2 | F9: =CEILING(R9/2,1) -> 1 | G9: =CEILING(S9/2,1) -> 1 | I9: =CEILING(U9/2,1) -> 1 | J9: =CEILING(V9/2,1) -> 1 | L9: =CEILING(X9/2,1) -> 1 | M9: =CEILING(Y9/2,1) -> 1 | O9: 1 | P9: 1 | Q9: 2 | R9: 1 | S9: 2 | U9: 1 | V9: 2 | X9: 1 | Y9: 2
A10: SR1 | B10: LB | C10: =CEILING(O10/2,1) -> 1 | D10: =CEILING(P10/2,1) -> 1 | E10: 1 | F10: =CEILING(R10/2,1) -> 1 | G10: =CEILING(S10/2,1) -> 1 | I10: =CEILING(U10/2,1) -> 1 | J10: =CEILING(V10/2,1) -> 1 | L10: =CEILING(X10/2,1) -> 1 | M10: =CEILING(Y10/2,1) -> 1 | O10: 1 | P10: 1 | Q10: 2 | R10: 1 | S10: 2 | U10: 1 | V10: 2 | X10: 1 | Y10: 2
C11: =CEILING(O11/2,1) -> 1 | D11: =CEILING(P11/2,1) -> 1 | E11: 2 | F11: =CEILING(R11/2,1) -> 1 | G11: =CEILING(S11/2,1) -> 1 | I11: =CEILING(U11/2,1) -> 1 | J11: =CEILING(V11/2,1) -> 1 | L11: =CEILING(X11/2,1) -> 1 | M11: =CEILING(Y11/2,1) -> 1 | O11: 1 | P11: 1 | Q11: 2 | R11: 1 | S11: 2 | U11: 1 | V11: 2 | X11: 1 | Y11: 2
A12: L115A3 | B12: LB | C12: =CEILING(O12/2,1) -> 1 | D12: =CEILING(P12/2,1) -> 1 | E12: 2 | F12: =CEILING(R12/2,1) -> 1 | G12: =CEILING(S12/2,1) -> 1 | I12: =CEILING(U12/2,1) -> 1 | J12: =CEILING(V12/2,1) -> 1 | L12: =CEILING(X12/2,1) -> 1 | M12: =CEILING(Y12/2,1) -> 1 | O12: 1 | P12: 2 | R12: 1 | S12: 2 | U12: 1 | V12: 2 | X12: 1 | Y12: 2
C13: =CEILING(O13/2,1) -> 1 | D13: =CEILING(P13/2,1) -> 1 | E13: 2 | F13: =CEILING(R13/2,1) -> 1 | G13: =CEILING(S13/2,1) -> 1 | I13: =CEILING(U13/2,1) -> 1 | J13: =CEILING(V13/2,1) -> 1 | L13: =CEILING(X13/2,1) -> 1 | M13: =CEILING(Y13/2,1) -> 1 | O13: 1 | P13: 2 | R13: 1 | S13: 2 | U13: 1 | V13: 2 | X13: 1 | Y13: 2
B14: LB | C14: =CEILING(O14/2,1) -> 1 | D14: =CEILING(P14/2,1) -> 1 | E14: =CEILING(Q14/2,1) -> 1 | F14: =CEILING(R14/2,1) -> 1 | G14: =CEILING(S14/2,1) -> 1 | I14: =CEILING(U14/2,1) -> 1 | J14: =CEILING(V14/2,1) -> 1 | L14: =CEILING(X14/2,1) -> 1 | M14: =CEILING(Y14/2,1) -> 1 | O14: 1 | P14: 1 | Q14: 2 | R14: 1 | S14: 1 | T14: 2 | U14: 1 | V14: 1 | W14: 2 | X14: 1 | Y14: 1 | Z14: 2
A15: MSR | B15: MB | C15: =CEILING(O15/2,1) -> 1 | D15: =CEILING(P15/2,1) -> 1 | E15: =CEILING(Q15/2,1) -> 1 | F15: =CEILING(R15/2,1) -> 1 | G15: =CEILING(S15/2,1) -> 1 | H15: =CEILING(T15/2,1) -> 2 | I15: =CEILING(U15/2,1) -> 1 | J15: =CEILING(V15/2,1) -> 1 | ... N15: =CEILING(Z15/2,1) -> 2 | O15: 1 | P15: 1 | Q15: 2 | R15: 1 | S15: 2 | T15: 3 | U15: 1 | V15: 2 | W15: 3 | X15: 1 | Y15: 2 | Z15: 3
B16: SB | C16: =CEILING(O16/2,1) -> 1 | D16: =CEILING(P16/2,1) -> 1 | F16: =CEILING(R16/2,1) -> 1 | G16: =CEILING(S16/2,1) -> 1 | H16: =CEILING(T16/2,1) -> 2 | I16: =CEILING(U16/2,1) -> 1 | J16: =CEILING(V16/2,1) -> 1 | K16: =CEILING(W16/2,1) -> 2 | L16: =CEILING(X16/2,1) -> 1 | M16: =CEILING(Y16/2,1) -> 1 | N16: =CEILING(Z16/2,1) -> 2 | O16: 1 | P16: 1 | Q16: 2 | R16: 1 | S16: 2 | T16: 3 | U16: 1 | V16: 2 | W16: 3 | X16: 1 | Y16: 2 | Z16: 3
A17: HTI | B17: LB | C17: =CEILING(O17/2,1) -> 1 | D17: =CEILING(P17/2,1) -> 1 | F17: =CEILING(R17/2,1) -> 1 | G17: =CEILING(S17/2,1) -> 1 | I17: =CEILING(U17/2,1) -> 1 | J17: =CEILING(V17/2,1) -> 1 | L17: =CEILING(X17/2,1) -> 1 | M17: =CEILING(Y17/2,1) -> 1 | O17: 1 | P17: 1 | R17: 1 | S17: 1 | U17: 1 | V17: 1 | X17: 1 | Y17: 1
C18: =CEILING(O18/2,1) -> 1 | D18: =CEILING(P18/2,1) -> 1 | F18: =CEILING(R18/2,1) -> 1 | G18: =CEILING(S18/2,1) -> 1 | I18: =CEILING(U18/2,1) -> 1 | J18: =CEILING(V18/2,1) -> 1 | L18: =CEILING(X18/2,1) -> 1 | M18: =CEILING(Y18/2,1) -> 1 | O18: 1 | P18: 1 | R18: 1 | S18: 1 | U18: 1 | V18: 1 | X18: 1 | Y18: 1
A19: BFG | B19: LB | C19: =CEILING(O19/2,1) -> 1 | D19: =CEILING(P19/2,1) -> 1 | E19: =CEILING(Q19/2,1) -> 1 | F19: =CEILING(R19/2,1) -> 1 | G19: =CEILING(S19/2,1) -> 1 | I19: =CEILING(U19/2,1) -> 1 | J19: =CEILING(V19/2,1) -> 1 | L19: =CEILING(X19/2,1) -> 1 | M19: =CEILING(Y19/2,1) -> 1 | O19: 1 | P19: 1 | Q19: 2 | R19: 1 | S19: 1 | T19: 2 | U19: 1 | V19: 1 | W19: 2 | X19: 1 | Y19: 1 | Z19: 2
C20: =CEILING(O20/2,1) -> 1 | D20: =CEILING(P20/2,1) -> 1 | E20: =CEILING(Q20/2,1) -> 1 | F20: =CEILING(R20/2,1) -> 1 | G20: =CEILING(S20/2,1) -> 1 | I20: =CEILING(U20/2,1) -> 1 | J20: =CEILING(V20/2,1) -> 1 | L20: =CEILING(X20/2,1) -> 1 | M20: =CEILING(Y20/2,1) -> 1 | O20: 1 | P20: 1 | Q20: 2 | R20: 1 | S20: 1 | T20: 2 | U20: 1 | V20: 1 | W20: 2 | X20: 1 | Y20: 1 | Z20: 2
A21: Stampede | C21: =CEILING(O21/2,1) -> 1 | D21: =CEILING(P21/2,1) -> 1 | E21: 2 | F21: =CEILING(R21/2,1) -> 1 | G21: =CEILING(S21/2,1) -> 1 | H21: 2 | I21: =CEILING(U21/2,1) -> 1 | J21: =CEILING(V21/2,1) -> 1 | K21: 2 | L21: =CEILING(X21/2,1) -> 1 | M21: =CEILING(Y21/2,1) -> 1 | N21: 2 | O21: 1 | P21: 2 | R21: 1 | S21: 2 | U21: 1 | V21: 2 | X21: 1 | Y21: 2
A22: Crossbow | C22: =CEILING(O22/2,1) -> 1 | D22: =CEILING(P22/2,1) -> 1 | F22: =CEILING(R22/2,1) -> 1 | G22: =CEILING(S22/2,1) -> 1 | I22: =CEILING(U22/2,1) -> 1 | J22: =CEILING(V22/2,1) -> 1 | L22: =CEILING(X22/2,1) -> 1 | M22: =CEILING(Y22/2,1) -> 1 | O22: 1 | P22: 1 | R22: 1 | S22: 1 | U22: 1 | V22: 1 | X22: 1 | Y22: 1
A23: SR25 | B23: MB | C23: =CEILING(O23/2,1) -> 1 | D23: =CEILING(P23/2,1) -> 2 | F23: =CEILING(R23/2,1) -> 1 | G23: =CEILING(S23/2,1) -> 2 | I23: =CEILING(U23/2,1) -> 1 | J23: =CEILING(V23/2,1) -> 2 | L23: =CEILING(X23/2,1) -> 1 | M23: =CEILING(Y23/2,1) -> 2 | O23: 1 | P23: 3 | R23: 2 | S23: 4 | U23: 1 | V23: 4 | X23: 2 | Y23: 4
B24: SB | C24: =CEILING(O24/2,1) -> 1 | D24: =CEILING(P24/2,1) -> 2 | F24: =CEILING(R24/2,1) -> 1 | G24: 3 | I24: =CEILING(U24/2,1) -> 1 | J24: =CEILING(V24/2,1) -> 2 | L24: =CEILING(X24/2,1) -> 1 | M24: 3 | O24: 1 | P24: 3 | R24: 2 | S24: 4 | U24: 1 | V24: 4 | X24: 2 | Y24: 4
A25: Dragunov | B25: MB | C25: =CEILING(O25/2,1) -> 1 | D25: =CEILING(P25/2,1) -> 2 | F25: =CEILING(R25/2,1) -> 1 | G25: 3 | I25: =CEILING(U25/2,1) -> 1 | J25: 3 | L25: =CEILING(X25/2,1) -> 1 | M25: 3 | O25: 1 | P25: 3 | R25: 2 | S25: 4 | U25: 1 | V25: 4 | X25: 2 | Y25: 4
B26: SB | C26: =CEILING(O26/2,1) -> 1 | D26: =CEILING(P26/2,1) -> 2 | F26: =CEILING(R26/2,1) -> 1 | G26: =CEILING(S26/2,1) -> 3 | I26: =CEILING(U26/2,1) -> 1 | J26: =CEILING(V26/2,1) -> 3 | L26: 2 | M26: =CEILING(Y26/2,1) -> 3 | O26: 1 | P26: 4 | R26: 2 | S26: 5 | U26: 1 | V26: 5 | X26: 2 | Y26: 5
A27: Mk14 | B27: LB | C27: =CEILING(O27/2,1) -> 1 | D27: =CEILING(P27/2,1) -> 3 | F27: =CEILING(R27/2,1) -> 2 | G27: =CEILING(S27/2,1) -> 4 | I27: =CEILING(U27/2,1) -> 1 | J27: =CEILING(V27/2,1) -> 4 | L27: =CEILING(X27/2,1) -> 2 | M27: =CEILING(Y27/2,1) -> 4 | O27: 1 | P27: 5 | R27: 3 | S27: 7 | U27: 2 | V27: 7 | X27: 3 | Y27: 7
B28: MB | C28: =CEILING(O28/2,1) -> 1 | D28: =CEILING(P28/2,1) -> 3 | F28: =CEILING(R28/2,1) -> 2 | G28: 5 | I28: =CEILING(U28/2,1) -> 1 | J28: =CEILING(V28/2,1) -> 4 | L28: =CEILING(X28/2,1) -> 2 | M28: 5 | O28: 1 | P28: 6 | R28: 3 | S28: 7 | U28: 2 | V28: 7 | X28: 3 | Y28: 7
A29: FA Mk14 | B29: LB | C29: =CEILING(O29/2,1) -> 1 | D29: =CEILING(P29/2,1) -> 4 | G29: =CEILING(S29/2,1) -> 5 | I29: =CEILING(U29/2,1) -> 1 | J29: =CEILING(V29/2,1) -> 5 | L29: 3 | M29: =CEILING(Y29/2,1) -> 5 | O29: 1 | P29: 7 | R29: 4 | S29: 9 | U29: 2 | V29: 9 | X29: 4 | Y29: 9
B30: MB | C30: =CEILING(O30/2,1) -> 1 | D30: =CEILING(P30/2,1) -> 4 | G30: 6 | I30: =CEILING(U30/2,1) -> 1 | J30: =CEILING(V30/2,1) -> 5 | L30: 3 | M30: 6 | O30: 1 | P30: 7 | R30: 4 | S30: 9 | U30: 2 | V30: 9 | X30: 4 | Y30: 9
A31: G28 | B31: LB | C31: =CEILING(O31/2,1) -> 1 | D31: =CEILING(P31/2,1) -> 4 | G31: =CEILING(S31/2,1) -> 5 | I31: =CEILING(U31/2,1) -> 1 | J31: =CEILING(V31/2,1) -> 5 | L31: 3 | M31: =CEILING(Y31/2,1) -> 5 | O31: 1 | P31: 7 | R31: 4 | S31: 9 | U31: 2 | V31: 9 | X31: 4 | Y31: 9
B32: MB | C32: =CEILING(O32/2,1) -> 1 | D32: =CEILING(P32/2,1) -> 4 | G32: 6 | I32: =CEILING(U32/2,1) -> 1 | J32: 6 | L32: 3 | M32: 6 | O32: 1 | P32: 7 | R32: 4 | S32: 10 | U32: 2 | V32: 9 | X32: 4 | Y32: 10
A33: PSG-1 | B33: LB | C33: =CEILING(O33/2,1) -> 1 | D33: =CEILING(P33/2,1) -> 4 | G33: =CEILING(S33/2,1) -> 5 | I33: =CEILING(U33/2,1) -> 1 | J33: =CEILING(V33/2,1) -> 5 | L33: 3 | M33: =CEILING(Y33/2,1) -> 5 | O33: 1 | P33: 7 | R33: 4 | S33: 9 | U33: 2 | V33: 9 | X33: 4 | Y33: 9
B34: MB | C34: =CEILING(O34/2,1) -> 1 | D34: =CEILING(P34/2,1) -> 4 | G34: 6 | I34: =CEILING(U34/2,1) -> 1 | J34: 6 | L34: 3 | M34: 6 | O34: 1 | P34: 7 | R34: 4 | S34: 10 | U34: 2 | V34: 9 | X34: 4 | Y34: 10
B35: LB | O35: 1 | P35: 4 | R35: 2 | S35: 5 | U35: 1 | V35: 5 | X35: 2 | Y35: 5
A36: 416 | B36: MB | O36: 1 | P36: 4 | R36: 2 | S36: 5 | U36: 1 | V36: 5 | X36: 3 | Y36: 5
B37: SB | O37: 1 | P37: 4 | R37: 3 | S37: 6 | U37: 1 | V37: 6 | X37: 3 | Y37: 6
B38: LB | O38: 1 | P38: 5 | R38: 3 | S38: 6 | U38: 1 | V38: 6 | X38: 3 | Y38: 6
A39: FA 416 | B39: MB | O39: 1 | P39: 5 | R39: 3 | S39: 6 | U39: 1 | V39: 6 | X39: 3 | Y39: 6
B40: SB | O40: 1 | P40: 5 | R40: 3 | S40: 7 | U40: 2 | V40: 7 | X40: 3 | Y40: 7
B41: LB | C41: 1 | D41: 3 | F41: 2 | G41: 4 | I41: 1 | J41: 4 | L41: 2 | M41: 4 | O41: 1 | P41: 3 | R41: 2 | S41: 4 | U41: 1 | V41: 4 | X41: 2 | Y41: 4
A42: Mk17 | B42: MB | C42: 1 | D42: 4 | F42: 2 | G42: 5 | I42: 1 | J42: 5 | L42: 2 | M42: 5 | O42: 1 | P42: 3 | R42: 2 | S42: 4 | U42: 1 | V42: 4 | X42: 2 | Y42: 4
B43: SB | C43: 1 | D43: 4 | F43: 2 | G43: 5 | I43: 1 | J43: 5 | L43: 2 | M43: 5 | O43: 1 | P43: 4 | R43: 2 | S43: 5 | U43: 1 | V43: 5 | X43: 2 | Y43: 5
B44: LB | O44: 1 | P44: 4 | R44: 2 | S44: 5 | U44: 1 | V44: 5 | X44: 2 | Y44: 5
A45: FA Mk17 | B45: MB | O45: 1 | P45: 4 | R45: 2 | S45: 5 | U45: 1 | V45: 5 | X45: 3 | Y45: 5
B46: SB | O46: 1 | P46: 5 | R46: 3 | S46: 6 | U46: 1 | V46: 6 | X46: 3 | Y46: 6
A47: LVOA-C | B47: Semi | I47: 1 | J47: 5 | L47: 3 | M47: 5 | O47: 1 | P47: 4 | R47: 2 | S47: 5 | U47: 1 | V47: 5 | X47: 2 | Y47: 5
B48: Full | I48: 1 | J48: 6 | L48: 3 | M48: 6 | O48: 1 | P48: 5 | R48: 3 | S48: 6 | U48: 1 | V48: 6 | X48: 3 | Y48: 6
A49: M4A1 | B49: LB | O49: 1 | P49: 4 | R49: 2 | S49: 5 | U49: 1 | V49: 5 | X49: 3 | Y49: 5
B50: MB | O50: 1 | P50: 4 | R50: 3 | S50: 6 | U50: 1 | V50: 6 | X50: 3 | Y50: 6
A51: FA M4 | B51: LB | O51: 1 | P51: 5 | R51: 3 | S51: 6 | U51: 1 | V51: 6 | X51: 3 | Y51: 6
B52: MB | O52: 1 | P52: 5 | R52: 3 | S52: 7 | U52: 2 | V52: 7 | X52: 3 | Y52: 7
A53: M16 | B53: Semi | O53: 1 | P53: 4 | R53: 3 | S53: 6 | U53: 1 | V53: 6 | X53: 3 | Y53: 6
B54: Full | O54: 1 | P54: 5 | R54: 3 | S54: 7 | U54: 2 | V54: 7 | X54: 3 | Y54: 7
B55: LB | O55: 1 | P55: 4 | R55: 2 | S55: 5 | U55: 1 | V55: 5 | X55: 3 | Y55: 5
A56: ACR | B56: MB | O56: 1 | P56: 5 | R56: 3 | S56: 6 | U56: 1 | V56: 6 | X56: 3 | Y56: 6
B57: SB | O57: 1 | P57: 5 | R57: 3 | S57: 6 | U57: 1 | V57: 6 | X57: 3 | Y57: 6
B58: LB | O58: 1 | P58: 5 | R58: 3 | S58: 7 | U58: 1 | V58: 6 | X58: 3 | Y58: 7
A59: FA ACR | B59: MB | O59: 1 | P59: 5 | R59: 3 | S59: 7 | U59: 2 | V59: 7 | X59: 3 | Y59: 7
B60: SB | O60: 1 | P60: 6 | R60: 3 | S60: 8 | U60: 2 | V60: 8 | X60: 4 | Y60: 8
A61: Aug | B61: LB | O61: 1 | P61: 4 | R61: 2 | S61: 5 | U61: 1 | V61: 5 | X61: 2 | Y61: 5
B62: MB | O62: 1 | P62: 4 | R62: 2 | S62: 5 | U62: 1 | V62: 5 | X62: 3 | Y62: 5
A63: FA Aug | B63: LB | O63: 1 | P63: 5 | R63: 3 | S63: 6 | U63: 1 | V63: 6 | X63: 3 | Y63: 6
B64: MB | O64: 1 | P64: 5 | R64: 3 | S64: 6 | U64: 1 | V64: 6 | X64: 3 | Y64: 6
A65: P416 | B65: MB | I65: 2 | J65: 7 | L65: 3 | M65: 7 | O65: 1 | P65: 5 | R65: 3 | S65: 6 | U65: 1 | V65: 6 | X65: 3 | Y65: 6
B66: SB | I66: 2 | J66: 8 | L66: 3 | M66: 7 | O66: 1 | P66: 5 | R66: 3 | S66: 7 | U66: 2 | V66: 7 | X66: 3 | Y66: 7
A67: FA P416 | B67: MB | I67: 2 | J67: 8 | L67: 4 | M67: 9 | O67: 1 | P67: 6 | R67: 3 | S67: 8 | U67: 2 | V67: 8 | X67: 4 | Y67: 8
B68: SB | I68: 2 | J68: 9 | L68: 4 | M68: 10 | O68: 1 | P68: 7 | R68: 4 | S68: 9 | U68: 2 | V68: 9 | X68: 4 | Y68: 9
A69: SR3M | B69: LB | O69: 1 | P69: 5 | R69: 3 | S69: 6 | U69: 1 | V69: 6 | X69: 3 | Y69: 6
B70: MB | O70: 1 | P70: 5 | R70: 3 | S70: 7 | U70: 1 | V70: 6 | X70: 3 | Y70: 7
A71: FA SR3m | B71: LB | O71: 1 | P71: 6 | R71: 3 | S71: 7 | U71: 2 | V71: 7 | X71: 3 | Y71: 7
B72: MB | O72: 1 | P72: 6 | R72: 3 | S72: 8 | U72: 2 | V72: 8 | X72: 4 | Y72: 8
A73: AK-12 | B73: LB | O73: 1 | P73: 4 | R73: 2 | S73: 5 | U73: 1 | V73: 5 | X73: 2 | Y73: 5
B74: MB | O74: 1 | P74: 4 | R74: 2 | S74: 5 | U74: 1 | V74: 5 | X74: 3 | Y74: 5
A75: FA AK-12 | B75: LB | O75: 1 | P75: 5 | R75: 3 | S75: 6 | U75: 1 | V75: 6 | X75: 3 | Y75: 6
B76: MB | O76: 1 | P76: 5 | R76: 3 | S76: 7 | U76: 1 | V76: 6 | X76: 3 | Y76: 7
B77: LB | O77: 1 | P77: 4 | R77: 3 | S77: 6 | U77: 1 | V77: 6 | X77: 3 | Y77: 6
A78: 556xi | B78: MB | O78: 1 | P78: 5 | R78: 3 | S78: 6 | U78: 1 | V78: 6 | X78: 3 | Y78: 6
B79: SB | O79: 1 | P79: 5 | R79: 3 | S79: 7 | U79: 2 | V79: 7 | X79: 3 | Y79: 7
B80: LB | O80: 1 | P80: 5 | R80: 3 | S80: 7 | U80: 2 | V80: 7 | X80: 3 | Y80: 7
A81: FA 556xi | B81: MB | O81: 1 | P81: 6 | R81: 3 | S81: 7 | U81: 2 | V81: 7 | X81: 3 | Y81: 7
B82: SB | O82: 1 | P82: 7 | R82: 4 | S82: 8 | U82: 2 | V82: 8 | X82: 4 | Y82: 8
A83: R4 | B83: LB | O83: 1 | P83: 4 | R83: 2 | S83: 5 | U83: 1 | V83: 5 | X83: 2 | Y83: 5
B84: MB | O84: 1 | P84: 4 | R84: 2 | S84: 5 | U84: 1 | V84: 5 | X84: 3 | Y84: 5
A85: FA R4 | B85: LB | O85: 1 | P85: 5 | R85: 3 | S85: 6 | U85: 1 | V85: 6 | X85: 3 | Y85: 6
B86: MB | O86: 1 | P86: 5 | R86: 3 | S86: 7 | U86: 1 | V86: 6 | X86: 3 | Y86: 7
B87: LB | O87: 1 | P87: 4 | R87: 2 | S87: 5 | U87: 1 | V87: 5 | X87: 2 | Y87: 5
A88: 805 Bren A2 | B88: MB | O88: 1 | P88: 4 | R88: 2 | S88: 5 | U88: 1 | V88: 5 | X88: 3 | Y88: 5
B89: SB | O89: 1 | P89: 4 | R89: 3 | S89: 6 | U89: 1 | V89: 6 | X89: 3 | Y89: 6
B90: LB | O90: 1 | P90: 5 | R90: 3 | S90: 6 | U90: 1 | V90: 6 | X90: 3 | Y90: 6
A91: FA 805 Bren A2 | B91: MB | O91: 1 | P91: 5 | R91: 3 | S91: 6 | U91: 1 | V91: 6 | X91: 3 | Y91: 6
B92: SB | O92: 1 | P92: 5 | R92: 3 | S92: 7 | U92: 2 | V92: 7 | X92: 3 | Y92: 7
A93: G2 | B93: MB | O93: 1 | P93: 5 | R93: 3 | S93: 6 | U93: 1 | V93: 6 | X93: 3 | Y93: 6
B94: SB | O94: 1 | P94: 5 | R94: 3 | S94: 7 | U94: 2 | V94: 7 | X94: 3 | Y94: 7
A95: FA G2 | B95: MB | O95: 1 | P95: 6 | R95: 3 | S95: 8 | U95: 2 | V95: 8 | X95: 4 | Y95: 8
B96: SB | O96: 1 | P96: 7 | R96: 4 | S96: 9 | U96: 2 | V96: 9 | X96: 4 | Y96: 9
A97: L85A2 | B97: MB | O97: 1 | P97: 4 | R97: 2 | S97: 5 | U97: 1 | V97: 5 | X97: 2 | Y97: 5
B98: SB | O98: 1 | P98: 4 | R98: 3 | S98: 6 | U98: 1 | V98: 5 | X98: 3 | Y98: 6
A99: FA L85A2 | B99: MB | O99: 1 | P99: 5 | R99: 3 | S99: 6 | U99: 1 | V99: 6 | X99: 3 | Y99: 6
B100: SB | O100: 1 | P100: 5 | R100: 3 | S100: 7 | U100: 2 | V100: 7 | X100: 3 | Y100: 7
...

Sheet Throwaway sheet for calcs
C1: SB Reg 5 | F1: SB He 5 | I1: Uni Reg 5 | L1: Uni He 5 | O1: T1 SB Reg 5 | R1: T1 SB He 5 | U1: T1 Uni Reg 5 | X1: T1 Uni He 5
C2: Head | D2: Body | E2: Foot | F2: Head | G2: Body | H2: Foot | I2: Head | J2: Body | K2: Foot | L2: Head | M2: Body | N2: Foot | O2: Head | P2: Body | Q2: Foot | R2: Head | S2: Body | T2: Foot | U2: Head | V2: Body | W2: Foot | X2: Head | Y2: Body | Z2: Foot
B3: LB | C3: 1 | D3: 1 | E3: 2 | F3: 1 | G3: 1 | H3: 2 | I3: 1 | J3: 1 | K3: 2 | L3: 1 | M3: 1 | N3: 2 | O3: 2.58 | P3: 2 | Q3: =IF(AND(Ceiling(S3/O3,1)>=R3,R3>=Ceiling((S3-0.99)/O3,1)),0,1) -> 0 | R3: 1 | S3: 2 | T3: 4 | U3: =U4 -> 2.26 | V3: 2 | W3: =IF(AND(Ceiling(Y3/U3,1)>=X3,X3>=Ceiling((Y3-0.99)/U3,1)),0,1) -> 0 | X3: 1 | Y3: 2 | Z3: 4
A4: M40A5 | B4: MB | C4: 1 | D4: 1 | E4: 2 | F4: 1 | G4: 2 | H4: 3 | I4: 1 | J4: 2 | K4: 2 | L4: 1 | M4: 2 | N4: 3 | O4: =O3 -> 2.58 | P4: 2 | Q4: =IF(AND(Ceiling(S4/O4,1)>=R4,R4>=Ceiling((S4-0.99)/O4,1)),0,1) -> 0 | R4: 1 | S4: 2 | T4: 4 | U4: =U5 -> 2.26 | V4: 2 | W4: =IF(AND(Ceiling(Y4/U4,1)>=X4,X4>=Ceiling((Y4-0.99)/U4,1)),0,1) -> 0 | X4: 1 | Y4: 2 | Z4: 4
B5: SB | C5: 1 | D5: 1 | E5: 2 | F5: 1 | G5: 2 | H5: 3 | I5: 1 | J5: 2 | K5: 2 | L5: 1 | M5: 2 | N5: 3 | O5: =O4 -> 2.58 | P5: 2 | Q5: =IF(AND(Ceiling(S5/O5,1)>=R5,R5>=Ceiling((S5-0.99)/O5,1)),0,1) -> 0 | R5: 1 | S5: 2 | T5: 4 | U5: =U6 -> 2.26 | V5: 2 | W5: =IF(AND(Ceiling(Y5/U5,1)>=X5,X5>=Ceiling((Y5-0.99)/U5,1)),0,1) -> 0 | X5: 1 | Y5: 2 | Z5: 4
A6: M1891 | B6: LB | C6: 1 | D6: 1 | E6: 2 | F6: 1 | G6: 1 | H6: 2 | I6: 1 | J6: 1 | K6: 2 | L6: 1 | M6: 1 | N6: 2 | O6: =O5 -> 2.58 | P6: 2 | Q6: =IF(AND(Ceiling(S6/O6,1)>=R6,R6>=Ceiling((S6-0.99)/O6,1)),0,1) -> 0 | R6: 1 | S6: 2 | T6: 3 | U6: =U7 -> 2.26 | V6: 2 | W6: =IF(AND(Ceiling(Y6/U6,1)>=X6,X6>=Ceiling((Y6-0.99)/U6,1)),0,1) -> 0 | X6: 1 | Y6: 2 | Z6: 3
B7: MB | C7: 1 | D7: 1 | E7: 2 | F7: 1 | G7: 1 | H7: 2 | I7: 1 | J7: 1 | K7: 2 | L7: 1 | M7: 1 | N7: 2 | O7: =O6 -> 2.58 | P7: 2 | Q7: =IF(AND(Ceiling(S7/O7,1)>=R7,R7>=Ceiling((S7-0.99)/O7,1)),0,1) -> 0 | R7: 1 | S7: 2 | T7: 3 | U7: =U8 -> 2.26 | V7: 2 | W7: =IF(AND(Ceiling(Y7/U7,1)>=X7,X7>=Ceiling((Y7-0.99)/U7,1)),0,1) -> 0 | X7: 1 | Y7: 2 | Z7: 4
A8: SRSA1 | B8: LB | C8: =CEILING(O8/2,1) -> 2 | D8: =CEILING(P8/2,1) -> 1 | E8: 2 | F8: =CEILING(R8/2,1) -> 1 | G8: =CEILING(S8/2,1) -> 1 | I8: =CEILING(U8/2,1) -> 2 | J8: =CEILING(V8/2,1) -> 1 | L8: =CEILING(X8/2,1) -> 1 | M8: =CEILING(Y8/2,1) -> 1 | O8: =O7 -> 2.58 | P8: 1 | Q8: =IF(AND(Ceiling(S8/O8,1)>=R8,R8>=Ceiling((S8-0.99)/O8,1)),0,1) -> 0 | R8: 1 | S8: 2 | U8: =U9 -> 2.26 | V8: 2 | W8: =IF(AND(Ceiling(Y8/U8,1)>=X8,X8>=Ceiling((Y8-0.99)/U8,1)),0,1) -> 0 | X8: 1 | Y8: 2
B9: MB | C9: =CEILING(O9/2,1) -> 2 | D9: =CEILING(P9/2,1) -> 1 | E9: 2 | F9: =CEILING(R9/2,1) -> 1 | G9: =CEILING(S9/2,1) -> 1 | I9: =CEILING(U9/2,1) -> 2 | J9: =CEILING(V9/2,1) -> 1 | L9: =CEILING(X9/2,1) -> 1 | M9: =CEILING(Y9/2,1) -> 1 | O9: =O8 -> 2.58 | P9: 1 | Q9: =IF(AND(Ceiling(S9/O9,1)>=R9,R9>=Ceiling((S9-0.99)/O9,1)),0,1) -> 0 | R9: 1 | S9: 2 | U9: =U10 -> 2.26 | V9: 2 | W9: =IF(AND(Ceiling(Y9/U9,1)>=X9,X9>=Ceiling((Y9-0.99)/U9,1)),0,1) -> 0 | X9: 1 | Y9: 2
A10: SR1 | B10: LB | C10: =CEILING(O10/2,1) -> 2 | D10: =CEILING(P10/2,1) -> 1 | E10: 1 | F10: =CEILING(R10/2,1) -> 1 | G10: =CEILING(S10/2,1) -> 1 | I10: =CEILING(U10/2,1) -> 2 | J10: =CEILING(V10/2,1) -> 1 | L10: =CEILING(X10/2,1) -> 1 | M10: =CEILING(Y10/2,1) -> 1 | O10: =O9 -> 2.58 | P10: 1 | Q10: =IF(AND(Ceiling(S10/O10,1)>=R10,R10>=Ceiling((S10-0.99)/O10,1)),0,1) -> 0 | R10: 1 | S10: 2 | U10: =U11 -> 2.26 | V10: 2 | W10: =IF(AND(Ceiling(Y10/U10,1)>=X10,X10>=Ceiling((Y10-0.99)/U10,1)),0,1) -> 0 | X10: 1 | Y10: 2
C11: =CEILING(O11/2,1) -> 2 | D11: =CEILING(P11/2,1) -> 1 | E11: 2 | F11: =CEILING(R11/2,1) -> 1 | G11: =CEILING(S11/2,1) -> 1 | I11: =CEILING(U11/2,1) -> 2 | J11: =CEILING(V11/2,1) -> 1 | L11: =CEILING(X11/2,1) -> 1 | M11: =CEILING(Y11/2,1) -> 1 | O11: =O10 -> 2.58 | P11: 1 | Q11: =IF(AND(Ceiling(S11/O11,1)>=R11,R11>=Ceiling((S11-0.99)/O11,1)),0,1) -> 0 | R11: 1 | S11: 2 | U11: =U12 -> 2.26 | V11: 2 | W11: =IF(AND(Ceiling(Y11/U11,1)>=X11,X11>=Ceiling((Y11-0.99)/U11,1)),0,1) -> 0 | X11: 1 | Y11: 2
A12: L115A3 | B12: LB | C12: =CEILING(O12/2,1) -> 2 | D12: =CEILING(P12/2,1) -> 1 | E12: 2 | F12: =CEILING(R12/2,1) -> 1 | G12: =CEILING(S12/2,1) -> 1 | I12: =CEILING(U12/2,1) -> 2 | J12: =CEILING(V12/2,1) -> 1 | L12: =CEILING(X12/2,1) -> 1 | M12: =CEILING(Y12/2,1) -> 1 | O12: =O11 -> 2.58 | P12: 2 | Q12: =IF(AND(Ceiling(S12/O12,1)>=R12,R12>=Ceiling((S12-0.99)/O12,1)),0,1) -> 0 | R12: 1 | S12: 2 | U12: =U13 -> 2.26 | V12: 2 | W12: =IF(AND(Ceiling(Y12/U12,1)>=X12,X12>=Ceiling((Y12-0.99)/U12,1)),0,1) -> 0 | X12: 1 | Y12: 2
C13: =CEILING(O13/2,1) -> 2 | D13: =CEILING(P13/2,1) -> 1 | E13: 2 | F13: =CEILING(R13/2,1) -> 1 | G13: =CEILING(S13/2,1) -> 1 | I13: =CEILING(U13/2,1) -> 2 | J13: =CEILING(V13/2,1) -> 1 | L13: =CEILING(X13/2,1) -> 1 | M13: =CEILING(Y13/2,1) -> 1 | O13: =O12 -> 2.58 | P13: 2 | Q13: =IF(AND(Ceiling(S13/O13,1)>=R13,R13>=Ceiling((S13-0.99)/O13,1)),0,1) -> 0 | R13: 1 | S13: 2 | U13: =U14 -> 2.26 | V13: 2 | W13: =IF(AND(Ceiling(Y13/U13,1)>=X13,X13>=Ceiling((Y13-0.99)/U13,1)),0,1) -> 0 | X13: 1 | Y13: 2
B14: LB | C14: =CEILING(O14/2,1) -> 2 | D14: =CEILING(P14/2,1) -> 1 | E14: =CEILING(Q14/2,1) -> 0 | F14: =CEILING(R14/2,1) -> 1 | G14: =CEILING(S14/2,1) -> 1 | I14: =CEILING(U14/2,1) -> 2 | J14: =CEILING(V14/2,1) -> 1 | L14: =CEILING(X14/2,1) -> 1 | M14: =CEILING(Y14/2,1) -> 1 | O14: =O13 -> 2.58 | P14: 1 | Q14: =IF(AND(Ceiling(S14/O14,1)>=R14,R14>=Ceiling((S14-0.99)/O14,1)),0,1) -> 0 | R14: 1 | S14: 1 | T14: 2 | U14: =U15 -> 2.26 | V14: 1 | W14: =IF(AND(Ceiling(Y14/U14,1)>=X14,X14>=Ceiling((Y14-0.99)/U14,1)),0,1) -> 0 | X14: 1 | Y14: 1 | Z14: 2
A15: MSR | B15: MB | C15: =CEILING(O15/2,1) -> 2 | D15: =CEILING(P15/2,1) -> 1 | E15: =CEILING(Q15/2,1) -> 0 | F15: =CEILING(R15/2,1) -> 1 | G15: =CEILING(S15/2,1) -> 1 | H15: =CEILING(T15/2,1) -> 2 | I15: =CEILING(U15/2,1) -> 2 | J15: =CEILING(V15/2,1) -> 1 | ... N15: =CEILING(Z15/2,1) -> 2 | O15: =O14 -> 2.58 | P15: 1 | Q15: =IF(AND(Ceiling(S15/O15,1)>=R15,R15>=Ceiling((S15-0.99)/O15,1)),0,1) -> 0 | R15: 1 | S15: 2 | T15: 3 | U15: =U16 -> 2.26 | V15: 2 | W15: =IF(AND(Ceiling(Y15/U15,1)>=X15,X15>=Ceiling((Y15-0.99)/U15,1)),0,1) -> 0 | X15: 1 | Y15: 2 | Z15: 3
B16: SB | C16: =CEILING(O16/2,1) -> 2 | D16: =CEILING(P16/2,1) -> 1 | F16: =CEILING(R16/2,1) -> 1 | G16: =CEILING(S16/2,1) -> 1 | H16: =CEILING(T16/2,1) -> 2 | I16: =CEILING(U16/2,1) -> 2 | J16: =CEILING(V16/2,1) -> 1 | K16: =CEILING(W16/2,1) -> 0 | L16: =CEILING(X16/2,1) -> 1 | M16: =CEILING(Y16/2,1) -> 1 | N16: =CEILING(Z16/2,1) -> 2 | O16: =O15 -> 2.58 | P16: 1 | Q16: =IF(AND(Ceiling(S16/O16,1)>=R16,R16>=Ceiling((S16-0.99)/O16,1)),0,1) -> 0 | R16: 1 | S16: 2 | T16: 3 | U16: =U17 -> 2.26 | V16: 2 | W16: =IF(AND(Ceiling(Y16/U16,1)>=X16,X16>=Ceiling((Y16-0.99)/U16,1)),0,1) -> 0 | X16: 1 | Y16: 2 | Z16: 3
A17: HTI | B17: LB | C17: =CEILING(O17/2,1) -> 2 | D17: =CEILING(P17/2,1) -> 1 | F17: =CEILING(R17/2,1) -> 1 | G17: =CEILING(S17/2,1) -> 1 | I17: =CEILING(U17/2,1) -> 2 | J17: =CEILING(V17/2,1) -> 1 | L17: =CEILING(X17/2,1) -> 1 | M17: =CEILING(Y17/2,1) -> 1 | O17: =O16 -> 2.58 | P17: 1 | Q17: =IF(AND(Ceiling(S17/O17,1)>=R17,R17>=Ceiling((S17-0.99)/O17,1)),0,1) -> 0 | R17: 1 | S17: 1 | U17: =U18 -> 2.26 | V17: 1 | W17: =IF(AND(Ceiling(Y17/U17,1)>=X17,X17>=Ceiling((Y17-0.99)/U17,1)),0,1) -> 0 | X17: 1 | Y17: 1
C18: =CEILING(O18/2,1) -> 2 | D18: =CEILING(P18/2,1) -> 1 | F18: =CEILING(R18/2,1) -> 1 | G18: =CEILING(S18/2,1) -> 1 | I18: =CEILING(U18/2,1) -> 2 | J18: =CEILING(V18/2,1) -> 1 | L18: =CEILING(X18/2,1) -> 1 | M18: =CEILING(Y18/2,1) -> 1 | O18: =O17 -> 2.58 | P18: 1 | Q18: =IF(AND(Ceiling(S18/O18,1)>=R18,R18>=Ceiling((S18-0.99)/O18,1)),0,1) -> 0 | R18: 1 | S18: 1 | U18: =U19 -> 2.26 | V18: 1 | W18: =IF(AND(Ceiling(Y18/U18,1)>=X18,X18>=Ceiling((Y18-0.99)/U18,1)),0,1) -> 0 | X18: 1 | Y18: 1
A19: BFG | B19: LB | C19: =CEILING(O19/2,1) -> 2 | D19: =CEILING(P19/2,1) -> 1 | E19: =CEILING(Q19/2,1) -> 0 | F19: =CEILING(R19/2,1) -> 1 | G19: =CEILING(S19/2,1) -> 1 | I19: =CEILING(U19/2,1) -> 2 | J19: =CEILING(V19/2,1) -> 1 | L19: =CEILING(X19/2,1) -> 1 | M19: =CEILING(Y19/2,1) -> 1 | O19: =O18 -> 2.58 | P19: 1 | Q19: =IF(AND(Ceiling(S19/O19,1)>=R19,R19>=Ceiling((S19-0.99)/O19,1)),0,1) -> 0 | R19: 1 | S19: 1 | T19: 2 | U19: =U20 -> 2.26 | V19: 1 | W19: =IF(AND(Ceiling(Y19/U19,1)>=X19,X19>=Ceiling((Y19-0.99)/U19,1)),0,1) -> 0 | X19: 1 | Y19: 1 | Z19: 2
C20: =CEILING(O20/2,1) -> 2 | D20: =CEILING(P20/2,1) -> 1 | E20: =CEILING(Q20/2,1) -> 0 | F20: =CEILING(R20/2,1) -> 1 | G20: =CEILING(S20/2,1) -> 1 | I20: =CEILING(U20/2,1) -> 2 | J20: =CEILING(V20/2,1) -> 1 | L20: =CEILING(X20/2,1) -> 1 | M20: =CEILING(Y20/2,1) -> 1 | O20: =O19 -> 2.58 | P20: 1 | Q20: =IF(AND(Ceiling(S20/O20,1)>=R20,R20>=Ceiling((S20-0.99)/O20,1)),0,1) -> 0 | R20: 1 | S20: 1 | T20: 2 | U20: =U21 -> 2.26 | V20: 1 | W20: =IF(AND(Ceiling(Y20/U20,1)>=X20,X20>=Ceiling((Y20-0.99)/U20,1)),0,1) -> 0 | X20: 1 | Y20: 1 | Z20: 2
A21: Stampede | C21: =CEILING(O21/2,1) -> 2 | D21: =CEILING(P21/2,1) -> 1 | E21: 2 | F21: =CEILING(R21/2,1) -> 1 | G21: =CEILING(S21/2,1) -> 1 | H21: 2 | I21: =CEILING(U21/2,1) -> 2 | J21: =CEILING(V21/2,1) -> 1 | K21: 2 | L21: =CEILING(X21/2,1) -> 1 | M21: =CEILING(Y21/2,1) -> 1 | N21: 2 | O21: =O20 -> 2.58 | P21: 2 | Q21: =IF(AND(Ceiling(S21/O21,1)>=R21,R21>=Ceiling((S21-0.99)/O21,1)),0,1) -> 0 | R21: 1 | S21: 2 | U21: =U22 -> 2.26 | V21: 2 | W21: =IF(AND(Ceiling(Y21/U21,1)>=X21,X21>=Ceiling((Y21-0.99)/U21,1)),0,1) -> 0 | X21: 1 | Y21: 2
A22: Crossbow | C22: =CEILING(O22/2,1) -> 2 | D22: =CEILING(P22/2,1) -> 1 | F22: =CEILING(R22/2,1) -> 1 | G22: =CEILING(S22/2,1) -> 1 | I22: =CEILING(U22/2,1) -> 2 | J22: =CEILING(V22/2,1) -> 1 | L22: =CEILING(X22/2,1) -> 1 | M22: =CEILING(Y22/2,1) -> 1 | O22: =O21 -> 2.58 | P22: 1 | Q22: =IF(AND(Ceiling(S22/O22,1)>=R22,R22>=Ceiling((S22-0.99)/O22,1)),0,1) -> 0 | R22: 1 | S22: 1 | U22: =U23 -> 2.26 | V22: 1 | W22: =IF(AND(Ceiling(Y22/U22,1)>=X22,X22>=Ceiling((Y22-0.99)/U22,1)),0,1) -> 0 | X22: 1 | Y22: 1
A23: SR25 | B23: MB | C23: =CEILING(O23/2,1) -> 2 | D23: =CEILING(P23/2,1) -> 2 | F23: =CEILING(R23/2,1) -> 1 | G23: =CEILING(S23/2,1) -> 2 | I23: =CEILING(U23/2,1) -> 2 | J23: =CEILING(V23/2,1) -> 2 | L23: =CEILING(X23/2,1) -> 1 | M23: =CEILING(Y23/2,1) -> 2 | O23: =O22 -> 2.58 | P23: 3 | Q23: =IF(AND(Ceiling(S23/O23,1)>=R23,R23>=Ceiling((S23-0.99)/O23,1)),0,1) -> 0 | R23: 2 | S23: 4 | U23: =U24 -> 2.26 | V23: 4 | W23: =IF(AND(Ceiling(Y23/U23,1)>=X23,X23>=Ceiling((Y23-0.99)/U23,1)),0,1) -> 0 | X23: 2 | Y23: 4
B24: SB | C24: =CEILING(O24/2,1) -> 2 | D24: =CEILING(P24/2,1) -> 2 | F24: =CEILING(R24/2,1) -> 1 | G24: 3 | I24: =CEILING(U24/2,1) -> 2 | J24: =CEILING(V24/2,1) -> 2 | L24: =CEILING(X24/2,1) -> 1 | M24: 3 | O24: =O23 -> 2.58 | P24: 3 | Q24: =IF(AND(Ceiling(S24/O24,1)>=R24,R24>=Ceiling((S24-0.99)/O24,1)),0,1) -> 0 | R24: 2 | S24: 4 | U24: =U25 -> 2.26 | V24: 4 | W24: =IF(AND(Ceiling(Y24/U24,1)>=X24,X24>=Ceiling((Y24-0.99)/U24,1)),0,1) -> 0 | X24: 2 | Y24: 4
A25: Dragunov | B25: MB | C25: =CEILING(O25/2,1) -> 2 | D25: =CEILING(P25/2,1) -> 2 | F25: =CEILING(R25/2,1) -> 1 | G25: 3 | I25: =CEILING(U25/2,1) -> 2 | J25: 3 | L25: =CEILING(X25/2,1) -> 1 | M25: 3 | O25: =O24 -> 2.58 | P25: 3 | Q25: =IF(AND(Ceiling(S25/O25,1)>=R25,R25>=Ceiling((S25-0.99)/O25,1)),0,1) -> 0 | R25: 2 | S25: 4 | U25: =U26 -> 2.26 | V25: 4 | W25: =IF(AND(Ceiling(Y25/U25,1)>=X25,X25>=Ceiling((Y25-0.99)/U25,1)),0,1) -> 0 | X25: 2 | Y25: 4
B26: SB | C26: =CEILING(O26/2,1) -> 2 | D26: =CEILING(P26/2,1) -> 2 | F26: =CEILING(R26/2,1) -> 1 | G26: =CEILING(S26/2,1) -> 3 | I26: =CEILING(U26/2,1) -> 2 | J26: =CEILING(V26/2,1) -> 3 | L26: 2 | M26: =CEILING(Y26/2,1) -> 3 | O26: =O25 -> 2.58 | P26: 4 | Q26: =IF(AND(Ceiling(S26/O26,1)>=R26,R26>=Ceiling((S26-0.99)/O26,1)),0,1) -> 0 | R26: 2 | S26: 5 | U26: =U27 -> 2.26 | V26: 5 | W26: =IF(AND(Ceiling(Y26/U26,1)>=X26,X26>=Ceiling((Y26-0.99)/U26,1)),0,1) -> 0 | X26: 2 | Y26: 5
A27: Mk14 | B27: LB | C27: =CEILING(O27/2,1) -> 2 | D27: =CEILING(P27/2,1) -> 3 | F27: =CEILING(R27/2,1) -> 2 | G27: =CEILING(S27/2,1) -> 4 | I27: =CEILING(U27/2,1) -> 2 | J27: =CEILING(V27/2,1) -> 4 | L27: =CEILING(X27/2,1) -> 2 | M27: =CEILING(Y27/2,1) -> 4 | O27: =O26 -> 2.58 | P27: 5 | Q27: =IF(AND(Ceiling(S27/O27,1)>=R27,R27>=Ceiling((S27-0.99)/O27,1)),0,1) -> 0 | R27: 3 | S27: 7 | U27: =U28 -> 2.26 | V27: 7 | W27: =IF(AND(Ceiling(Y27/U27,1)>=X27,X27>=Ceiling((Y27-0.99)/U27,1)),0,1) -> 0 | X27: 3 | Y27: 7
B28: MB | C28: =CEILING(O28/2,1) -> 2 | D28: =CEILING(P28/2,1) -> 3 | F28: =CEILING(R28/2,1) -> 2 | G28: =CEILING(S28/2,1) -> 4 | I28: =CEILING(U28/2,1) -> 2 | J28: =CEILING(V28/2,1) -> 4 | L28: =CEILING(X28/2,1) -> 2 | M28: =CEILING(Y28/2,1) -> 4 | O28: =O27 -> 2.58 | P28: 6 | Q28: =IF(AND(Ceiling(S28/O28,1)>=R28,R28>=Ceiling((S28-0.99)/O28,1)),0,1) -> 0 | R28: 3 | S28: 7 | U28: =U29 -> 2.26 | V28: 7 | W28: =IF(AND(Ceiling(Y28/U28,1)>=X28,X28>=Ceiling((Y28-0.99)/U28,1)),0,1) -> 0 | X28: 3 | Y28: 7
A29: FA Mk14 | B29: LB | C29: =CEILING(O29/2,1) -> 2 | D29: =CEILING(P29/2,1) -> 4 | F29: =CEILING(R29/2,1) -> 2 | G29: =CEILING(S29/2,1) -> 5 | I29: =CEILING(U29/2,1) -> 2 | J29: =CEILING(V29/2,1) -> 5 | L29: =CEILING(X29/2,1) -> 2 | M29: =CEILING(Y29/2,1) -> 5 | O29: =O28 -> 2.58 | P29: 7 | Q29: =IF(AND(Ceiling(S29/O29,1)>=R29,R29>=Ceiling((S29-0.99)/O29,1)),0,1) -> 0 | R29: 4 | S29: 9 | U29: =U30 -> 2.26 | V29: 9 | W29: =IF(AND(Ceiling(Y29/U29,1)>=X29,X29>=Ceiling((Y29-0.99)/U29,1)),0,1) -> 0 | X29: 4 | Y29: 9
B30: MB | C30: =CEILING(O30/2,1) -> 2 | D30: =CEILING(P30/2,1) -> 4 | F30: =CEILING(R30/2,1) -> 2 | G30: =CEILING(S30/2,1) -> 5 | I30: =CEILING(U30/2,1) -> 2 | J30: =CEILING(V30/2,1) -> 5 | L30: =CEILING(X30/2,1) -> 2 | M30: =CEILING(Y30/2,1) -> 5 | O30: =O29 -> 2.58 | P30: 7 | Q30: =IF(AND(Ceiling(S30/O30,1)>=R30,R30>=Ceiling((S30-0.99)/O30,1)),0,1) -> 0 | R30: 4 | S30: 9 | U30: =U31 -> 2.26 | V30: 9 | W30: =IF(AND(Ceiling(Y30/U30,1)>=X30,X30>=Ceiling((Y30-0.99)/U30,1)),0,1) -> 0 | X30: 4 | Y30: 9
A31: G28 | B31: LB | C31: =CEILING(O31/2,1) -> 2 | D31: =CEILING(P31/2,1) -> 4 | F31: =CEILING(R31/2,1) -> 2 | G31: =CEILING(S31/2,1) -> 5 | I31: =CEILING(U31/2,1) -> 2 | J31: =CEILING(V31/2,1) -> 5 | L31: =CEILING(X31/2,1) -> 2 | M31: =CEILING(Y31/2,1) -> 5 | O31: =O30 -> 2.58 | P31: 7 | Q31: =IF(AND(Ceiling(S31/O31,1)>=R31,R31>=Ceiling((S31-0.99)/O31,1)),0,1) -> 0 | R31: 4 | S31: 9 | U31: =U32 -> 2.26 | V31: 9 | W31: =IF(AND(Ceiling(Y31/U31,1)>=X31,X31>=Ceiling((Y31-0.99)/U31,1)),0,1) -> 0 | X31: 4 | Y31: 9
B32: MB | C32: =CEILING(O32/2,1) -> 2 | D32: =CEILING(P32/2,1) -> 4 | F32: =CEILING(R32/2,1) -> 2 | G32: =CEILING(S32/2,1) -> 5 | I32: =CEILING(U32/2,1) -> 2 | J32: =CEILING(V32/2,1) -> 5 | L32: =CEILING(X32/2,1) -> 2 | M32: =CEILING(Y32/2,1) -> 5 | O32: =O31 -> 2.58 | P32: 7 | Q32: =IF(AND(Ceiling(S32/O32,1)>=R32,R32>=Ceiling((S32-0.99)/O32,1)),0,1) -> 0 | R32: 4 | S32: 10 | U32: =U33 -> 2.26 | V32: 9 | W32: =IF(AND(Ceiling(Y32/U32,1)>=X32,X32>=Ceiling((Y32-0.99)/U32,1)),0,1) -> 0 | X32: 4 | Y32: 10
A33: PSG-1 | B33: LB | C33: =CEILING(O33/2,1) -> 2 | D33: =CEILING(P33/2,1) -> 4 | F33: =CEILING(R33/2,1) -> 2 | G33: =CEILING(S33/2,1) -> 5 | I33: =CEILING(U33/2,1) -> 2 | J33: =CEILING(V33/2,1) -> 5 | L33: =CEILING(X33/2,1) -> 2 | M33: =CEILING(Y33/2,1) -> 5 | O33: =O32 -> 2.58 | P33: 7 | Q33: =IF(AND(Ceiling(S33/O33,1)>=R33,R33>=Ceiling((S33-0.99)/O33,1)),0,1) -> 0 | R33: 4 | S33: 9 | U33: =U34 -> 2.26 | V33: 9 | W33: =IF(AND(Ceiling(Y33/U33,1)>=X33,X33>=Ceiling((Y33-0.99)/U33,1)),0,1) -> 0 | X33: 4 | Y33: 9
B34: MB | C34: =CEILING(O34/2,1) -> 2 | D34: =CEILING(P34/2,1) -> 4 | F34: =CEILING(R34/2,1) -> 2 | G34: =CEILING(S34/2,1) -> 5 | I34: =CEILING(U34/2,1) -> 2 | J34: =CEILING(V34/2,1) -> 5 | L34: =CEILING(X34/2,1) -> 2 | M34: =CEILING(Y34/2,1) -> 5 | O34: =O33 -> 2.58 | P34: 7 | Q34: =IF(AND(Ceiling(S34/O34,1)>=R34,R34>=Ceiling((S34-0.99)/O34,1)),0,1) -> 0 | R34: 4 | S34: 10 | U34: =U35 -> 2.26 | V34: 9 | W34: =IF(AND(Ceiling(Y34/U34,1)>=X34,X34>=Ceiling((Y34-0.99)/U34,1)),0,1) -> 0 | X34: 4 | Y34: 10
B35: LB | O35: =O34 -> 2.58 | P35: 4 | Q35: =IF(AND(Ceiling(S35/O35,1)>=R35,R35>=Ceiling((S35-0.99)/O35,1)),0,1) -> 0 | R35: 2 | S35: 5 | U35: =U36 -> 2.26 | V35: 5 | W35: =IF(AND(Ceiling(Y35/U35,1)>=X35,X35>=Ceiling((Y35-0.99)/U35,1)),0,1) -> 0 | X35: 2 | Y35: 5
A36: 416 | B36: MB | O36: =O35 -> 2.58 | P36: 4 | Q36: =IF(AND(Ceiling(S36/O36,1)>=R36,R36>=Ceiling((S36-0.99)/O36,1)),0,1) -> 0 | R36: 2 | S36: 5 | U36: =U37 -> 2.26 | V36: 5 | W36: =IF(AND(Ceiling(Y36/U36,1)>=X36,X36>=Ceiling((Y36-0.99)/U36,1)),0,1) -> 0 | X36: 3 | Y36: 5
B37: SB | O37: =O36 -> 2.58 | P37: 4 | Q37: =IF(AND(Ceiling(S37/O37,1)>=R37,R37>=Ceiling((S37-0.99)/O37,1)),0,1) -> 0 | R37: 3 | S37: 6 | U37: =U38 -> 2.26 | V37: 6 | W37: =IF(AND(Ceiling(Y37/U37,1)>=X37,X37>=Ceiling((Y37-0.99)/U37,1)),0,1) -> 0 | X37: 3 | Y37: 6
B38: LB | O38: =O37 -> 2.58 | P38: 5 | Q38: =IF(AND(Ceiling(S38/O38,1)>=R38,R38>=Ceiling((S38-0.99)/O38,1)),0,1) -> 0 | R38: 3 | S38: 6 | U38: =U39 -> 2.26 | V38: 6 | W38: =IF(AND(Ceiling(Y38/U38,1)>=X38,X38>=Ceiling((Y38-0.99)/U38,1)),0,1) -> 0 | X38: 3 | Y38: 6
A39: FA 416 | B39: MB | O39: =O38 -> 2.58 | P39: 5 | Q39: =IF(AND(Ceiling(S39/O39,1)>=R39,R39>=Ceiling((S39-0.99)/O39,1)),0,1) -> 0 | R39: 3 | S39: 6 | U39: =U40 -> 2.26 | V39: 6 | W39: =IF(AND(Ceiling(Y39/U39,1)>=X39,X39>=Ceiling((Y39-0.99)/U39,1)),0,1) -> 0 | X39: 3 | Y39: 6
B40: SB | O40: =O39 -> 2.58 | P40: 5 | Q40: =IF(AND(Ceiling(S40/O40,1)>=R40,R40>=Ceiling((S40-0.99)/O40,1)),0,1) -> 0 | R40: 3 | S40: 7 | U40: =U41 -> 2.26 | V40: 7 | W40: =IF(AND(Ceiling(Y40/U40,1)>=X40,X40>=Ceiling((Y40-0.99)/U40,1)),0,1) -> 0 | X40: 3 | Y40: 7
B41: LB | C41: 1 | D41: 3 | F41: 2 | G41: 4 | I41: 1 | J41: 4 | L41: 2 | M41: 4 | O41: =O40 -> 2.58 | P41: 3 | Q41: =IF(AND(Ceiling(S41/O41,1)>=R41,R41>=Ceiling((S41-0.99)/O41,1)),0,1) -> 0 | R41: 2 | S41: 4 | U41: =U42 -> 2.26 | V41: 4 | W41: =IF(AND(Ceiling(Y41/U41,1)>=X41,X41>=Ceiling((Y41-0.99)/U41,1)),0,1) -> 0 | X41: 2 | Y41: 4
A42: Mk17 | B42: MB | C42: 1 | D42: 4 | F42: 2 | G42: 5 | I42: 1 | J42: 5 | L42: 2 | M42: 5 | O42: =O41 -> 2.58 | P42: 3 | Q42: =IF(AND(Ceiling(S42/O42,1)>=R42,R42>=Ceiling((S42-0.99)/O42,1)),0,1) -> 0 | R42: 2 | S42: 4 | U42: =U43 -> 2.26 | V42: 4 | W42: =IF(AND(Ceiling(Y42/U42,1)>=X42,X42>=Ceiling((Y42-0.99)/U42,1)),0,1) -> 0 | X42: 2 | Y42: 4
B43: SB | C43: 1 | D43: 4 | F43: 2 | G43: 5 | I43: 1 | J43: 5 | L43: 2 | M43: 5 | O43: =O42 -> 2.58 | P43: 4 | Q43: =IF(AND(Ceiling(S43/O43,1)>=R43,R43>=Ceiling((S43-0.99)/O43,1)),0,1) -> 0 | R43: 2 | S43: 5 | U43: =U44 -> 2.26 | V43: 5 | W43: =IF(AND(Ceiling(Y43/U43,1)>=X43,X43>=Ceiling((Y43-0.99)/U43,1)),0,1) -> 0 | X43: 2 | Y43: 5
B44: LB | O44: =O43 -> 2.58 | P44: 4 | Q44: =IF(AND(Ceiling(S44/O44,1)>=R44,R44>=Ceiling((S44-0.99)/O44,1)),0,1) -> 0 | R44: 2 | S44: 5 | U44: =U45 -> 2.26 | V44: 5 | W44: =IF(AND(Ceiling(Y44/U44,1)>=X44,X44>=Ceiling((Y44-0.99)/U44,1)),0,1) -> 0 | X44: 2 | Y44: 5
A45: FA Mk17 | B45: MB | O45: =O44 -> 2.58 | P45: 4 | Q45: =IF(AND(Ceiling(S45/O45,1)>=R45,R45>=Ceiling((S45-0.99)/O45,1)),0,1) -> 0 | R45: 2 | S45: 5 | U45: =U46 -> 2.26 | V45: 5 | W45: =IF(AND(Ceiling(Y45/U45,1)>=X45,X45>=Ceiling((Y45-0.99)/U45,1)),0,1) -> 0 | X45: 3 | Y45: 5
B46: SB | O46: =O45 -> 2.58 | P46: 5 | Q46: =IF(AND(Ceiling(S46/O46,1)>=R46,R46>=Ceiling((S46-0.99)/O46,1)),0,1) -> 0 | R46: 3 | S46: 6 | U46: =U47 -> 2.26 | V46: 6 | W46: =IF(AND(Ceiling(Y46/U46,1)>=X46,X46>=Ceiling((Y46-0.99)/U46,1)),0,1) -> 0 | X46: 3 | Y46: 6
A47: LVOA-C | B47: Semi | G47: =IF(AND(1<2,2<3),1,2) -> 1 | O47: =O46 -> 2.58 | P47: 4 | Q47: =IF(AND(Ceiling(S47/O47,1)>=R47,R47>=Ceiling((S47-0.99)/O47,1)),0,1) -> 0 | R47: 2 | S47: 5 | U47: =U48 -> 2.26 | V47: 5 | W47: =IF(AND(Ceiling(Y47/U47,1)>=X47,X47>=Ceiling((Y47-0.99)/U47,1)),0,1) -> 0 | X47: 2 | Y47: 5
B48: Full | O48: =O47 -> 2.58 | P48: 5 | Q48: =IF(AND(Ceiling(S48/O48,1)>=R48,R48>=Ceiling((S48-0.99)/O48,1)),0,1) -> 0 | R48: 3 | S48: 6 | U48: =U49 -> 2.26 | V48: 6 | W48: =IF(AND(Ceiling(Y48/U48,1)>=X48,X48>=Ceiling((Y48-0.99)/U48,1)),0,1) -> 0 | X48: 3 | Y48: 6
A49: M4A1 | B49: LB | O49: =O48 -> 2.58 | P49: 4 | Q49: =IF(AND(Ceiling(S49/O49,1)>=R49,R49>=Ceiling((S49-0.99)/O49,1)),0,1) -> 0 | R49: 2 | S49: 5 | U49: =U50 -> 2.26 | V49: 5 | W49: =IF(AND(Ceiling(Y49/U49,1)>=X49,X49>=Ceiling((Y49-0.99)/U49,1)),0,1) -> 0 | X49: 3 | Y49: 5
B50: MB | O50: =O49 -> 2.58 | P50: 4 | Q50: =IF(AND(Ceiling(S50/O50,1)>=R50,R50>=Ceiling((S50-0.99)/O50,1)),0,1) -> 0 | R50: 3 | S50: 6 | U50: =U51 -> 2.26 | V50: 6 | W50: =IF(AND(Ceiling(Y50/U50,1)>=X50,X50>=Ceiling((Y50-0.99)/U50,1)),0,1) -> 0 | X50: 3 | Y50: 6
A51: FA M4 | B51: LB | O51: =O50 -> 2.58 | P51: 5 | Q51: =IF(AND(Ceiling(S51/O51,1)>=R51,R51>=Ceiling((S51-0.99)/O51,1)),0,1) -> 0 | R51: 3 | S51: 6 | U51: =U52 -> 2.26 | V51: 6 | W51: =IF(AND(Ceiling(Y51/U51,1)>=X51,X51>=Ceiling((Y51-0.99)/U51,1)),0,1) -> 0 | X51: 3 | Y51: 6
B52: MB | O52: =O51 -> 2.58 | P52: 5 | Q52: =IF(AND(Ceiling(S52/O52,1)>=R52,R52>=Ceiling((S52-0.99)/O52,1)),0,1) -> 0 | R52: 3 | S52: 7 | U52: =U53 -> 2.26 | V52: 7 | W52: =IF(AND(Ceiling(Y52/U52,1)>=X52,X52>=Ceiling((Y52-0.99)/U52,1)),0,1) -> 0 | X52: 3 | Y52: 7
A53: M16 | B53: Semi | O53: =O52 -> 2.58 | P53: 4 | Q53: =IF(AND(Ceiling(S53/O53,1)>=R53,R53>=Ceiling((S53-0.99)/O53,1)),0,1) -> 0 | R53: 3 | S53: 6 | U53: =U54 -> 2.26 | V53: 6 | W53: =IF(AND(Ceiling(Y53/U53,1)>=X53,X53>=Ceiling((Y53-0.99)/U53,1)),0,1) -> 0 | X53: 3 | Y53: 6
B54: Full | O54: =O53 -> 2.58 | P54: 5 | Q54: =IF(AND(Ceiling(S54/O54,1)>=R54,R54>=Ceiling((S54-0.99)/O54,1)),0,1) -> 0 | R54: 3 | S54: 7 | U54: =U55 -> 2.26 | V54: 7 | W54: =IF(AND(Ceiling(Y54/U54,1)>=X54,X54>=Ceiling((Y54-0.99)/U54,1)),0,1) -> 0 | X54: 3 | Y54: 7
B55: LB | O55: =O54 -> 2.58 | P55: 4 | Q55: =IF(AND(Ceiling(S55/O55,1)>=R55,R55>=Ceiling((S55-0.99)/O55,1)),0,1) -> 0 | R55: 2 | S55: 5 | U55: =U56 -> 2.26 | V55: 5 | W55: =IF(AND(Ceiling(Y55/U55,1)>=X55,X55>=Ceiling((Y55-0.99)/U55,1)),0,1) -> 0 | X55: 3 | Y55: 5
A56: ACR | B56: MB | O56: =O55 -> 2.58 | P56: 5 | Q56: =IF(AND(Ceiling(S56/O56,1)>=R56,R56>=Ceiling((S56-0.99)/O56,1)),0,1) -> 0 | R56: 3 | S56: 6 | U56: =U57 -> 2.26 | V56: 6 | W56: =IF(AND(Ceiling(Y56/U56,1)>=X56,X56>=Ceiling((Y56-0.99)/U56,1)),0,1) -> 0 | X56: 3 | Y56: 6
B57: SB | O57: =O56 -> 2.58 | P57: 5 | Q57: =IF(AND(Ceiling(S57/O57,1)>=R57,R57>=Ceiling((S57-0.99)/O57,1)),0,1) -> 0 | R57: 3 | S57: 6 | U57: =U58 -> 2.26 | V57: 6 | W57: =IF(AND(Ceiling(Y57/U57,1)>=X57,X57>=Ceiling((Y57-0.99)/U57,1)),0,1) -> 0 | X57: 3 | Y57: 6
B58: LB | O58: =O57 -> 2.58 | P58: 5 | Q58: =IF(AND(Ceiling(S58/O58,1)>=R58,R58>=Ceiling((S58-0.99)/O58,1)),0,1) -> 0 | R58: 3 | S58: 7 | U58: =U59 -> 2.26 | V58: 6 | W58: =IF(AND(Ceiling(Y58/U58,1)>=X58,X58>=Ceiling((Y58-0.99)/U58,1)),0,1) -> 0 | X58: 3 | Y58: 7
A59: FA ACR | B59: MB | O59: =O58 -> 2.58 | P59: 5 | Q59: =IF(AND(Ceiling(S59/O59,1)>=R59,R59>=Ceiling((S59-0.99)/O59,1)),0,1) -> 0 | R59: 3 | S59: 7 | U59: =U60 -> 2.26 | V59: 7 | W59: =IF(AND(Ceiling(Y59/U59,1)>=X59,X59>=Ceiling((Y59-0.99)/U59,1)),0,1) -> 0 | X59: 3 | Y59: 7
B60: SB | O60: =O59 -> 2.58 | P60: 6 | Q60: =IF(AND(Ceiling(S60/O60,1)>=R60,R60>=Ceiling((S60-0.99)/O60,1)),0,1) -> 0 | R60: 3 | S60: 8 | U60: =U61 -> 2.26 | V60: 8 | W60: =IF(AND(Ceiling(Y60/U60,1)>=X60,X60>=Ceiling((Y60-0.99)/U60,1)),0,1) -> 0 | X60: 4 | Y60: 8
A61: Aug | B61: LB | O61: =O60 -> 2.58 | P61: 4 | Q61: =IF(AND(Ceiling(S61/O61,1)>=R61,R61>=Ceiling((S61-0.99)/O61,1)),0,1) -> 0 | R61: 2 | S61: 5 | U61: =U62 -> 2.26 | V61: 5 | W61: =IF(AND(Ceiling(Y61/U61,1)>=X61,X61>=Ceiling((Y61-0.99)/U61,1)),0,1) -> 0 | X61: 2 | Y61: 5
B62: MB | O62: =O61 -> 2.58 | P62: 4 | Q62: =IF(AND(Ceiling(S62/O62,1)>=R62,R62>=Ceiling((S62-0.99)/O62,1)),0,1) -> 0 | R62: 2 | S62: 5 | U62: =U63 -> 2.26 | V62: 5 | W62: =IF(AND(Ceiling(Y62/U62,1)>=X62,X62>=Ceiling((Y62-0.99)/U62,1)),0,1) -> 0 | X62: 3 | Y62: 5
A63: FA Aug | B63: LB | O63: =O62 -> 2.58 | P63: 5 | Q63: =IF(AND(Ceiling(S63/O63,1)>=R63,R63>=Ceiling((S63-0.99)/O63,1)),0,1) -> 0 | R63: 3 | S63: 6 | U63: =U64 -> 2.26 | V63: 6 | W63: =IF(AND(Ceiling(Y63/U63,1)>=X63,X63>=Ceiling((Y63-0.99)/U63,1)),0,1) -> 0 | X63: 3 | Y63: 6
B64: MB | O64: =O63 -> 2.58 | P64: 5 | Q64: =IF(AND(Ceiling(S64/O64,1)>=R64,R64>=Ceiling((S64-0.99)/O64,1)),0,1) -> 0 | R64: 3 | S64: 6 | U64: =U65 -> 2.26 | V64: 6 | W64: =IF(AND(Ceiling(Y64/U64,1)>=X64,X64>=Ceiling((Y64-0.99)/U64,1)),0,1) -> 0 | X64: 3 | Y64: 6
A65: P416 | B65: MB | O65: =O64 -> 2.58 | P65: 5 | Q65: =IF(AND(Ceiling(S65/O65,1)>=R65,R65>=Ceiling((S65-0.99)/O65,1)),0,1) -> 0 | R65: 3 | S65: 6 | U65: =U66 -> 2.26 | V65: 6 | W65: =IF(AND(Ceiling(Y65/U65,1)>=X65,X65>=Ceiling((Y65-0.99)/U65,1)),0,1) -> 0 | X65: 3 | Y65: 6
B66: SB | O66: =O65 -> 2.58 | P66: 5 | Q66: =IF(AND(Ceiling(S66/O66,1)>=R66,R66>=Ceiling((S66-0.99)/O66,1)),0,1) -> 0 | R66: 3 | S66: 7 | U66: =U67 -> 2.26 | V66: 7 | W66: =IF(AND(Ceiling(Y66/U66,1)>=X66,X66>=Ceiling((Y66-0.99)/U66,1)),0,1) -> 0 | X66: 3 | Y66: 7
A67: FA P416 | B67: MB | O67: =O66 -> 2.58 | P67: 6 | Q67: =IF(AND(Ceiling(S67/O67,1)>=R67,R67>=Ceiling((S67-0.99)/O67,1)),0,1) -> 0 | R67: 3 | S67: 8 | U67: =U68 -> 2.26 | V67: 8 | W67: =IF(AND(Ceiling(Y67/U67,1)>=X67,X67>=Ceiling((Y67-0.99)/U67,1)),0,1) -> 0 | X67: 4 | Y67: 8
B68: SB | O68: =O67 -> 2.58 | P68: 7 | Q68: =IF(AND(Ceiling(S68/O68,1)>=R68,R68>=Ceiling((S68-0.99)/O68,1)),0,1) -> 0 | R68: 4 | S68: 9 | U68: =U69 -> 2.26 | V68: 9 | W68: =IF(AND(Ceiling(Y68/U68,1)>=X68,X68>=Ceiling((Y68-0.99)/U68,1)),0,1) -> 0 | X68: 4 | Y68: 9
A69: SR3M | B69: LB | O69: =O68 -> 2.58 | P69: 5 | Q69: =IF(AND(Ceiling(S69/O69,1)>=R69,R69>=Ceiling((S69-0.99)/O69,1)),0,1) -> 0 | R69: 3 | S69: 6 | U69: =U70 -> 2.26 | V69: 6 | W69: =IF(AND(Ceiling(Y69/U69,1)>=X69,X69>=Ceiling((Y69-0.99)/U69,1)),0,1) -> 0 | X69: 3 | Y69: 6
B70: MB | O70: =O69 -> 2.58 | P70: 5 | Q70: =IF(AND(Ceiling(S70/O70,1)>=R70,R70>=Ceiling((S70-0.99)/O70,1)),0,1) -> 0 | R70: 3 | S70: 7 | U70: =U71 -> 2.26 | V70: 6 | W70: =IF(AND(Ceiling(Y70/U70,1)>=X70,X70>=Ceiling((Y70-0.99)/U70,1)),0,1) -> 0 | X70: 3 | Y70: 7
A71: FA SR3m | B71: LB | O71: =O70 -> 2.58 | P71: 6 | Q71: =IF(AND(Ceiling(S71/O71,1)>=R71,R71>=Ceiling((S71-0.99)/O71,1)),0,1) -> 0 | R71: 3 | S71: 7 | U71: =U72 -> 2.26 | V71: 7 | W71: =IF(AND(Ceiling(Y71/U71,1)>=X71,X71>=Ceiling((Y71-0.99)/U71,1)),0,1) -> 0 | X71: 3 | Y71: 7
B72: MB | O72: =O71 -> 2.58 | P72: 6 | Q72: =IF(AND(Ceiling(S72/O72,1)>=R72,R72>=Ceiling((S72-0.99)/O72,1)),0,1) -> 0 | R72: 3 | S72: 8 | U72: =U73 -> 2.26 | V72: 8 | W72: =IF(AND(Ceiling(Y72/U72,1)>=X72,X72>=Ceiling((Y72-0.99)/U72,1)),0,1) -> 0 | X72: 4 | Y72: 8
A73: AK-12 | B73: LB | O73: =O72 -> 2.58 | P73: 4 | Q73: =IF(AND(Ceiling(S73/O73,1)>=R73,R73>=Ceiling((S73-0.99)/O73,1)),0,1) -> 0 | R73: 2 | S73: 5 | U73: =U74 -> 2.26 | V73: 5 | W73: =IF(AND(Ceiling(Y73/U73,1)>=X73,X73>=Ceiling((Y73-0.99)/U73,1)),0,1) -> 0 | X73: 2 | Y73: 5
